<?xml version="1.0" encoding="UTF-8"?>
<MOODLE_BACKUP>
  <INFO>
    <MOODLE_VERSION>2007101512.02</MOODLE_VERSION>
    <MOODLE_RELEASE>1.9.1 (Build: 20080515)</MOODLE_RELEASE>
    <BACKUP_VERSION>2008041100</BACKUP_VERSION>
    <BACKUP_RELEASE>1.9</BACKUP_RELEASE>
    <ORIGINAL_WWWROOT>http://cc5983.vledev.open.ac.uk/offline/development/moodle/ou-moodle-merge</ORIGINAL_WWWROOT>
    <ZIP_METHOD>internal</ZIP_METHOD>
    <DETAILS>
      <MOD>
        <NAME>resource</NAME>
        <INCLUDED>true</INCLUDED>
        <USERINFO>true</USERINFO>
        <INSTANCES>
          <INSTANCE>
          <ID>6</ID>
          <NAME>web page 20080815 16:49</NAME>
          <INCLUDED>true</INCLUDED>
          <USERINFO>true</USERINFO>
          </INSTANCE>
        </INSTANCES>
      </MOD>
      <MOD>
        <NAME>forum</NAME>
        <INCLUDED>true</INCLUDED>
        <USERINFO>true</USERINFO>
        <INSTANCES>
          <INSTANCE>
          <ID>6</ID>
          <NAME>News forum</NAME>
          <INCLUDED>true</INCLUDED>
          <USERINFO>true</USERINFO>
          </INSTANCE>
          <INSTANCE>
          <ID>7</ID>
          <NAME>forum 20080815 16:49</NAME>
          <INCLUDED>true</INCLUDED>
          <USERINFO>true</USERINFO>
          </INSTANCE>
        </INSTANCES>
      </MOD>
      <MOD>
        <NAME>label</NAME>
        <INCLUDED>true</INCLUDED>
        <USERINFO>true</USERINFO>
        <INSTANCES>
          <INSTANCE>
          <ID>106</ID>
          <NAME>20080815 16:14 </NAME>
          <INCLUDED>true</INCLUDED>
          <USERINFO>true</USERINFO>
          </INSTANCE>
        </INSTANCES>
      </MOD>
      <METACOURSE>true</METACOURSE>
      <USERS>course</USERS>
      <LOGS>true</LOGS>
      <USERFILES>true</USERFILES>
      <COURSEFILES>true</COURSEFILES>
      <SITEFILES>false</SITEFILES>
      <GRADEBOOKHISTORIES>false</GRADEBOOKHISTORIES>
      <MESSAGES>false</MESSAGES>
      <BLOGS>false</BLOGS>
      <BLOCKFORMAT>instances</BLOCKFORMAT>
    </DETAILS>
  </INFO>
  <ROLES>
  </ROLES>
  <COURSE>
    <HEADER>
      <ID>26</ID>
      <CATEGORY>
        <ID>2</ID>
        <NAME>Miscellaneous</NAME>
      </CATEGORY>
      <PASSWORD></PASSWORD>
      <FULLNAME>OFOUME 20080815 15:46:24</FULLNAME>
      <SHORTNAME>OFOUME 20080815 15:46:24</SHORTNAME>
      <IDNUMBER></IDNUMBER>
      <SUMMARY>test course OFOUME 20080815 15:46:24</SUMMARY>
      <FORMAT>topics</FORMAT>
      <SHOWGRADES>1</SHOWGRADES>
      <NEWSITEMS>5</NEWSITEMS>
      <TEACHER>Teacher</TEACHER>
      <TEACHERS>Teachers</TEACHERS>
      <STUDENT>Student</STUDENT>
      <STUDENTS>Students</STUDENTS>
      <GUEST>0</GUEST>
      <STARTDATE>1218754800</STARTDATE>
      <NUMSECTIONS>10</NUMSECTIONS>
      <MAXBYTES>0</MAXBYTES>
      <SHOWREPORTS>0</SHOWREPORTS>
      <GROUPMODE>0</GROUPMODE>
      <GROUPMODEFORCE>0</GROUPMODEFORCE>
      <DEFAULTGROUPINGID>0</DEFAULTGROUPINGID>
      <LANG></LANG>
      <THEME></THEME>
      <COST></COST>
      <CURRENCY>USD</CURRENCY>
      <MARKER>0</MARKER>
      <VISIBLE>1</VISIBLE>
      <HIDDENSECTIONS>0</HIDDENSECTIONS>
      <TIMECREATED>1218811584</TIMECREATED>
      <TIMEMODIFIED>1218811584</TIMEMODIFIED>
      <METACOURSE>0</METACOURSE>
      <EXPIRENOTIFY>0</EXPIRENOTIFY>
      <NOTIFYSTUDENTS>0</NOTIFYSTUDENTS>
      <EXPIRYTHRESHOLD>864000</EXPIRYTHRESHOLD>
      <ENROLLABLE>1</ENROLLABLE>
      <ENROLSTARTDATE>0</ENROLSTARTDATE>
      <ENROLENDDATE>0</ENROLENDDATE>
      <ENROLPERIOD>0</ENROLPERIOD>
      <ENABLECOMPLETION>1</ENABLECOMPLETION>
      <ROLES_OVERRIDES>
      </ROLES_OVERRIDES>
      <ROLES_ASSIGNMENTS>
      </ROLES_ASSIGNMENTS>
    </HEADER>
    <BLOCKS>
      <BLOCK>
        <ID>180</ID>
        <NAME>participants</NAME>
        <PAGEID>26</PAGEID>
        <PAGETYPE>course-view</PAGETYPE>
        <POSITION>l</POSITION>
        <WEIGHT>0</WEIGHT>
        <VISIBLE>1</VISIBLE>
        <CONFIGDATA>Tjs=</CONFIGDATA>
        <ROLES_OVERRIDES>
        </ROLES_OVERRIDES>
        <ROLES_ASSIGNMENTS>
        </ROLES_ASSIGNMENTS>
      </BLOCK>
      <BLOCK>
        <ID>181</ID>
        <NAME>activity_modules</NAME>
        <PAGEID>26</PAGEID>
        <PAGETYPE>course-view</PAGETYPE>
        <POSITION>l</POSITION>
        <WEIGHT>1</WEIGHT>
        <VISIBLE>1</VISIBLE>
        <CONFIGDATA>Tjs=</CONFIGDATA>
        <ROLES_OVERRIDES>
        </ROLES_OVERRIDES>
        <ROLES_ASSIGNMENTS>
        </ROLES_ASSIGNMENTS>
      </BLOCK>
      <BLOCK>
        <ID>182</ID>
        <NAME>search_forums</NAME>
        <PAGEID>26</PAGEID>
        <PAGETYPE>course-view</PAGETYPE>
        <POSITION>l</POSITION>
        <WEIGHT>2</WEIGHT>
        <VISIBLE>1</VISIBLE>
        <CONFIGDATA>Tjs=</CONFIGDATA>
        <ROLES_OVERRIDES>
        </ROLES_OVERRIDES>
        <ROLES_ASSIGNMENTS>
        </ROLES_ASSIGNMENTS>
      </BLOCK>
      <BLOCK>
        <ID>183</ID>
        <NAME>admin</NAME>
        <PAGEID>26</PAGEID>
        <PAGETYPE>course-view</PAGETYPE>
        <POSITION>l</POSITION>
        <WEIGHT>3</WEIGHT>
        <VISIBLE>1</VISIBLE>
        <CONFIGDATA>Tjs=</CONFIGDATA>
        <ROLES_OVERRIDES>
        </ROLES_OVERRIDES>
        <ROLES_ASSIGNMENTS>
        </ROLES_ASSIGNMENTS>
      </BLOCK>
      <BLOCK>
        <ID>184</ID>
        <NAME>course_list</NAME>
        <PAGEID>26</PAGEID>
        <PAGETYPE>course-view</PAGETYPE>
        <POSITION>l</POSITION>
        <WEIGHT>4</WEIGHT>
        <VISIBLE>1</VISIBLE>
        <CONFIGDATA>Tjs=</CONFIGDATA>
        <ROLES_OVERRIDES>
        </ROLES_OVERRIDES>
        <ROLES_ASSIGNMENTS>
        </ROLES_ASSIGNMENTS>
      </BLOCK>
      <BLOCK>
        <ID>185</ID>
        <NAME>news_items</NAME>
        <PAGEID>26</PAGEID>
        <PAGETYPE>course-view</PAGETYPE>
        <POSITION>r</POSITION>
        <WEIGHT>0</WEIGHT>
        <VISIBLE>1</VISIBLE>
        <CONFIGDATA>Tjs=</CONFIGDATA>
        <ROLES_OVERRIDES>
        </ROLES_OVERRIDES>
        <ROLES_ASSIGNMENTS>
        </ROLES_ASSIGNMENTS>
      </BLOCK>
      <BLOCK>
        <ID>186</ID>
        <NAME>calendar_upcoming</NAME>
        <PAGEID>26</PAGEID>
        <PAGETYPE>course-view</PAGETYPE>
        <POSITION>r</POSITION>
        <WEIGHT>1</WEIGHT>
        <VISIBLE>1</VISIBLE>
        <CONFIGDATA>Tjs=</CONFIGDATA>
        <ROLES_OVERRIDES>
        </ROLES_OVERRIDES>
        <ROLES_ASSIGNMENTS>
        </ROLES_ASSIGNMENTS>
      </BLOCK>
      <BLOCK>
        <ID>187</ID>
        <NAME>recent_activity</NAME>
        <PAGEID>26</PAGEID>
        <PAGETYPE>course-view</PAGETYPE>
        <POSITION>r</POSITION>
        <WEIGHT>2</WEIGHT>
        <VISIBLE>1</VISIBLE>
        <CONFIGDATA>Tjs=</CONFIGDATA>
        <ROLES_OVERRIDES>
        </ROLES_OVERRIDES>
        <ROLES_ASSIGNMENTS>
        </ROLES_ASSIGNMENTS>
      </BLOCK>
      <BLOCK>
        <ID>188</ID>
        <NAME>incrementalclient</NAME>
        <PAGEID>26</PAGEID>
        <PAGETYPE>course-view</PAGETYPE>
        <POSITION>r</POSITION>
        <WEIGHT>3</WEIGHT>
        <VISIBLE>1</VISIBLE>
        <CONFIGDATA>Tjs=</CONFIGDATA>
        <ROLES_OVERRIDES>
        </ROLES_OVERRIDES>
        <ROLES_ASSIGNMENTS>
        </ROLES_ASSIGNMENTS>
      </BLOCK>
    </BLOCKS>
    <SECTIONS>
      <SECTION>
        <ID>110</ID>
        <NUMBER>0</NUMBER>
        <SUMMARY>$@NULL@$</SUMMARY>
        <VISIBLE>1</VISIBLE>
        <MODS>
          <MOD>
            <GUID>f95665f7d646f8deda3fba2a76748f33a09a9301</GUID>
            <ID>123</ID>
            <TYPE>forum</TYPE>
            <INSTANCE>6</INSTANCE>
            <ADDED>1218811980</ADDED>
            <SCORE>0</SCORE>
            <INDENT>0</INDENT>
            <VISIBLE>1</VISIBLE>
            <GROUPMODE>0</GROUPMODE>
            <GROUPINGID>0</GROUPINGID>
            <GROUPMEMBERSONLY>0</GROUPMEMBERSONLY>
            <IDNUMBER>$@NULL@$</IDNUMBER>
            <COMPLETION>0</COMPLETION>
            <COMPLETIONGRADEITEMNUMBER>$@NULL@$</COMPLETIONGRADEITEMNUMBER>
            <COMPLETIONVIEW>0</COMPLETIONVIEW>
            <COMPLETIONEXPECTED>0</COMPLETIONEXPECTED>
            <LIVEDATE>$@NULL@$</LIVEDATE>
            <REMOVEDATE>$@NULL@$</REMOVEDATE>
            <SHOWTO>$@NULL@$</SHOWTO>
            <STEALTH>$@NULL@$</STEALTH>
            <PARENTCMID>0</PARENTCMID>
            <ROLES_OVERRIDES>
            </ROLES_OVERRIDES>
            <ROLES_ASSIGNMENTS>
            </ROLES_ASSIGNMENTS>
          </MOD>
        </MODS>
      </SECTION>
      <SECTION>
        <ID>111</ID>
        <NUMBER>1</NUMBER>
        <SUMMARY></SUMMARY>
        <VISIBLE>1</VISIBLE>
        <MODS>
          <MOD>
            <GUID>3e69a9eba2dba3271bdee267256d704c86d0e802</GUID>
            <ID>124</ID>
            <TYPE>label</TYPE>
            <INSTANCE>106</INSTANCE>
            <ADDED>1218813284</ADDED>
            <SCORE>0</SCORE>
            <INDENT>0</INDENT>
            <VISIBLE>1</VISIBLE>
            <GROUPMODE>0</GROUPMODE>
            <GROUPINGID>0</GROUPINGID>
            <GROUPMEMBERSONLY>0</GROUPMEMBERSONLY>
            <IDNUMBER></IDNUMBER>
            <COMPLETION>0</COMPLETION>
            <COMPLETIONGRADEITEMNUMBER>$@NULL@$</COMPLETIONGRADEITEMNUMBER>
            <COMPLETIONVIEW>0</COMPLETIONVIEW>
            <COMPLETIONEXPECTED>0</COMPLETIONEXPECTED>
            <LIVEDATE>$@NULL@$</LIVEDATE>
            <REMOVEDATE>$@NULL@$</REMOVEDATE>
            <SHOWTO>$@NULL@$</SHOWTO>
            <STEALTH>0</STEALTH>
            <PARENTCMID>0</PARENTCMID>
            <ROLES_OVERRIDES>
            </ROLES_OVERRIDES>
            <ROLES_ASSIGNMENTS>
            </ROLES_ASSIGNMENTS>
          </MOD>
          <MOD>
            <GUID>32fb4b184b5a3848548473183f6054e7c59fae50</GUID>
            <ID>125</ID>
            <TYPE>forum</TYPE>
            <INSTANCE>7</INSTANCE>
            <ADDED>1218815375</ADDED>
            <SCORE>0</SCORE>
            <INDENT>0</INDENT>
            <VISIBLE>1</VISIBLE>
            <GROUPMODE>0</GROUPMODE>
            <GROUPINGID>0</GROUPINGID>
            <GROUPMEMBERSONLY>0</GROUPMEMBERSONLY>
            <IDNUMBER></IDNUMBER>
            <COMPLETION>1</COMPLETION>
            <COMPLETIONGRADEITEMNUMBER>$@NULL@$</COMPLETIONGRADEITEMNUMBER>
            <COMPLETIONVIEW>0</COMPLETIONVIEW>
            <COMPLETIONEXPECTED>0</COMPLETIONEXPECTED>
            <LIVEDATE>$@NULL@$</LIVEDATE>
            <REMOVEDATE>$@NULL@$</REMOVEDATE>
            <SHOWTO>$@NULL@$</SHOWTO>
            <STEALTH>0</STEALTH>
            <PARENTCMID>0</PARENTCMID>
            <ROLES_OVERRIDES>
            </ROLES_OVERRIDES>
            <ROLES_ASSIGNMENTS>
            </ROLES_ASSIGNMENTS>
            <COMPLETIONDATA>
            </COMPLETIONDATA>
          </MOD>
        </MODS>
      </SECTION>
      <SECTION>
        <ID>112</ID>
        <NUMBER>2</NUMBER>
        <SUMMARY></SUMMARY>
        <VISIBLE>1</VISIBLE>
        <MODS>
          <MOD>
            <GUID>45c09a5154eb1710bade3df149772eb0370fc3ca</GUID>
            <ID>126</ID>
            <TYPE>resource</TYPE>
            <INSTANCE>6</INSTANCE>
            <ADDED>1218815399</ADDED>
            <SCORE>0</SCORE>
            <INDENT>0</INDENT>
            <VISIBLE>1</VISIBLE>
            <GROUPMODE>0</GROUPMODE>
            <GROUPINGID>0</GROUPINGID>
            <GROUPMEMBERSONLY>0</GROUPMEMBERSONLY>
            <IDNUMBER></IDNUMBER>
            <COMPLETION>1</COMPLETION>
            <COMPLETIONGRADEITEMNUMBER>$@NULL@$</COMPLETIONGRADEITEMNUMBER>
            <COMPLETIONVIEW>0</COMPLETIONVIEW>
            <COMPLETIONEXPECTED>0</COMPLETIONEXPECTED>
            <LIVEDATE>$@NULL@$</LIVEDATE>
            <REMOVEDATE>$@NULL@$</REMOVEDATE>
            <SHOWTO>$@NULL@$</SHOWTO>
            <STEALTH>0</STEALTH>
            <PARENTCMID>0</PARENTCMID>
            <ROLES_OVERRIDES>
            </ROLES_OVERRIDES>
            <ROLES_ASSIGNMENTS>
            </ROLES_ASSIGNMENTS>
            <COMPLETIONDATA>
            </COMPLETIONDATA>
          </MOD>
        </MODS>
      </SECTION>
      <SECTION>
        <ID>113</ID>
        <NUMBER>3</NUMBER>
        <SUMMARY></SUMMARY>
        <VISIBLE>1</VISIBLE>
      </SECTION>
      <SECTION>
        <ID>114</ID>
        <NUMBER>4</NUMBER>
        <SUMMARY></SUMMARY>
        <VISIBLE>1</VISIBLE>
      </SECTION>
      <SECTION>
        <ID>115</ID>
        <NUMBER>5</NUMBER>
        <SUMMARY></SUMMARY>
        <VISIBLE>1</VISIBLE>
      </SECTION>
      <SECTION>
        <ID>116</ID>
        <NUMBER>6</NUMBER>
        <SUMMARY></SUMMARY>
        <VISIBLE>1</VISIBLE>
      </SECTION>
      <SECTION>
        <ID>117</ID>
        <NUMBER>7</NUMBER>
        <SUMMARY></SUMMARY>
        <VISIBLE>1</VISIBLE>
      </SECTION>
      <SECTION>
        <ID>118</ID>
        <NUMBER>8</NUMBER>
        <SUMMARY></SUMMARY>
        <VISIBLE>1</VISIBLE>
      </SECTION>
      <SECTION>
        <ID>119</ID>
        <NUMBER>9</NUMBER>
        <SUMMARY></SUMMARY>
        <VISIBLE>1</VISIBLE>
      </SECTION>
      <SECTION>
        <ID>120</ID>
        <NUMBER>10</NUMBER>
        <SUMMARY></SUMMARY>
        <VISIBLE>1</VISIBLE>
      </SECTION>
    </SECTIONS>
    <LOGS>
      <LOG>
        <ID>143</ID>
        <TIME>1218811980</TIME>
        <USERID>3</USERID>
        <IP>137.108.181.131</IP>
        <MODULE>course</MODULE>
        <CMID>0</CMID>
        <ACTION>view</ACTION>
        <URL>view.php?id=26</URL>
        <INFO>26</INFO>
      </LOG>
      <LOG>
        <ID>145</ID>
        <TIME>1218811997</TIME>
        <USERID>3</USERID>
        <IP>137.108.181.131</IP>
        <MODULE>course</MODULE>
        <CMID>0</CMID>
        <ACTION>view</ACTION>
        <URL>view.php?id=26</URL>
        <INFO>26</INFO>
      </LOG>
      <LOG>
        <ID>147</ID>
        <TIME>1218812005</TIME>
        <USERID>3</USERID>
        <IP>137.108.181.131</IP>
        <MODULE>course</MODULE>
        <CMID>0</CMID>
        <ACTION>view</ACTION>
        <URL>view.php?id=26</URL>
        <INFO>26</INFO>
      </LOG>
      <LOG>
        <ID>146</ID>
        <TIME>1218812005</TIME>
        <USERID>3</USERID>
        <IP>137.108.181.131</IP>
        <MODULE>course</MODULE>
        <CMID>0</CMID>
        <ACTION>view</ACTION>
        <URL>view.php?id=26</URL>
        <INFO>26</INFO>
      </LOG>
      <LOG>
        <ID>148</ID>
        <TIME>1218812083</TIME>
        <USERID>3</USERID>
        <IP>137.108.181.131</IP>
        <MODULE>course</MODULE>
        <CMID>0</CMID>
        <ACTION>view</ACTION>
        <URL>view.php?id=26</URL>
        <INFO>26</INFO>
      </LOG>
      <LOG>
        <ID>149</ID>
        <TIME>1218813284</TIME>
        <USERID>3</USERID>
        <IP>137.108.181.131</IP>
        <MODULE>course</MODULE>
        <CMID>0</CMID>
        <ACTION>add mod</ACTION>
        <URL>../mod/label/view.php?id=124</URL>
        <INFO>label 106</INFO>
      </LOG>
      <LOG>
        <ID>150</ID>
        <TIME>1218813284</TIME>
        <USERID>3</USERID>
        <IP>137.108.181.131</IP>
        <MODULE>label</MODULE>
        <CMID>124</CMID>
        <ACTION>add</ACTION>
        <URL>view.php?id=124</URL>
        <INFO>106</INFO>
      </LOG>
      <LOG>
        <ID>151</ID>
        <TIME>1218813285</TIME>
        <USERID>3</USERID>
        <IP>137.108.181.131</IP>
        <MODULE>course</MODULE>
        <CMID>0</CMID>
        <ACTION>view</ACTION>
        <URL>view.php?id=26</URL>
        <INFO>26</INFO>
      </LOG>
      <LOG>
        <ID>152</ID>
        <TIME>1218815375</TIME>
        <USERID>3</USERID>
        <IP>137.108.181.131</IP>
        <MODULE>course</MODULE>
        <CMID>0</CMID>
        <ACTION>add mod</ACTION>
        <URL>../mod/forum/view.php?id=125</URL>
        <INFO>forum 7</INFO>
      </LOG>
      <LOG>
        <ID>154</ID>
        <TIME>1218815375</TIME>
        <USERID>3</USERID>
        <IP>137.108.181.131</IP>
        <MODULE>course</MODULE>
        <CMID>0</CMID>
        <ACTION>view</ACTION>
        <URL>view.php?id=26</URL>
        <INFO>26</INFO>
      </LOG>
      <LOG>
        <ID>153</ID>
        <TIME>1218815375</TIME>
        <USERID>3</USERID>
        <IP>137.108.181.131</IP>
        <MODULE>forum</MODULE>
        <CMID>125</CMID>
        <ACTION>add</ACTION>
        <URL>view.php?id=125</URL>
        <INFO>7</INFO>
      </LOG>
      <LOG>
        <ID>155</ID>
        <TIME>1218815399</TIME>
        <USERID>3</USERID>
        <IP>137.108.181.131</IP>
        <MODULE>course</MODULE>
        <CMID>0</CMID>
        <ACTION>add mod</ACTION>
        <URL>../mod/resource/view.php?id=126</URL>
        <INFO>resource 6</INFO>
      </LOG>
      <LOG>
        <ID>157</ID>
        <TIME>1218815399</TIME>
        <USERID>3</USERID>
        <IP>137.108.181.131</IP>
        <MODULE>course</MODULE>
        <CMID>0</CMID>
        <ACTION>view</ACTION>
        <URL>view.php?id=26</URL>
        <INFO>26</INFO>
      </LOG>
      <LOG>
        <ID>156</ID>
        <TIME>1218815399</TIME>
        <USERID>3</USERID>
        <IP>137.108.181.131</IP>
        <MODULE>resource</MODULE>
        <CMID>126</CMID>
        <ACTION>add</ACTION>
        <URL>view.php?id=126</URL>
        <INFO>6</INFO>
      </LOG>
    </LOGS>
    <GRADEBOOK>
      <GRADE_CATEGORIES>
        <GRADE_CATEGORY>
          <ID>23</ID>
          <PARENT>$@NULL@$</PARENT>
          <FULLNAME>?</FULLNAME>
          <AGGREGATION>11</AGGREGATION>
          <KEEPHIGH>0</KEEPHIGH>
          <DROPLOW>0</DROPLOW>
          <AGGREGATEONLYGRADED>1</AGGREGATEONLYGRADED>
          <AGGREGATEOUTCOMES>0</AGGREGATEOUTCOMES>
          <AGGREGATESUBCATS>0</AGGREGATESUBCATS>
          <TIMECREATED>1218811585</TIMECREATED>
          <TIMEMODIFIED>1218811585</TIMEMODIFIED>
        </GRADE_CATEGORY>
      </GRADE_CATEGORIES>
      <GRADE_ITEMS>
        <GRADE_ITEM>
          <ID>23</ID>
          <CATEGORYID>$@NULL@$</CATEGORYID>
          <ITEMNAME>$@NULL@$</ITEMNAME>
          <ITEMTYPE>course</ITEMTYPE>
          <ITEMMODULE>$@NULL@$</ITEMMODULE>
          <ITEMINSTANCE>23</ITEMINSTANCE>
          <ITEMNUMBER>$@NULL@$</ITEMNUMBER>
          <ITEMINFO>$@NULL@$</ITEMINFO>
          <IDNUMBER>$@NULL@$</IDNUMBER>
          <CALCULATION>$@NULL@$</CALCULATION>
          <GRADETYPE>1</GRADETYPE>
          <GRADEMAX>100.00000</GRADEMAX>
          <GRADEMIN>0.00000</GRADEMIN>
          <SCALEID>$@NULL@$</SCALEID>
          <OUTCOMEID>$@NULL@$</OUTCOMEID>
          <GRADEPASS>0.00000</GRADEPASS>
          <MULTFACTOR>1.00000</MULTFACTOR>
          <PLUSFACTOR>0.00000</PLUSFACTOR>
          <AGGREGATIONCOEF>0.00000</AGGREGATIONCOEF>
          <DISPLAY>0</DISPLAY>
          <DECIMALS>$@NULL@$</DECIMALS>
          <HIDDEN>0</HIDDEN>
          <LOCKED>0</LOCKED>
          <LOCKTIME>0</LOCKTIME>
          <NEEDSUPDATE>0</NEEDSUPDATE>
          <TIMECREATED>1218811585</TIMECREATED>
          <TIMEMODIFIED>1218811585</TIMEMODIFIED>
        </GRADE_ITEM>
      </GRADE_ITEMS>
    </GRADEBOOK>
    <MODULES>
      <MOD>
        <ID>6</ID>
        <MODTYPE>resource</MODTYPE>
        <NAME>web page 20080815 16:49</NAME>
        <TYPE>text</TYPE>
        <REFERENCE>2</REFERENCE>
        <SUMMARY>sadfdsaf </SUMMARY>
        <ALLTEXT>sfsadffvvdfcvdsfgv</ALLTEXT>
        <POPUP></POPUP>
        <OPTIONS></OPTIONS>
        <TIMEMODIFIED>1218815399</TIMEMODIFIED>
      </MOD>
      <MOD>
        <GUID>f95665f7d646f8deda3fba2a76748f33a09a9301</GUID>
        <ID>6</ID>
        <MODTYPE>forum</MODTYPE>
        <TYPE>news</TYPE>
        <NAME>News forum</NAME>
        <INTRO>General news and announcements</INTRO>
        <ASSESSED>0</ASSESSED>
        <ASSESSTIMESTART>0</ASSESSTIMESTART>
        <ASSESSTIMEFINISH>0</ASSESSTIMEFINISH>
        <MAXBYTES>0</MAXBYTES>
        <SCALE>1</SCALE>
        <FORCESUBSCRIBE>0</FORCESUBSCRIBE>
        <TRACKINGTYPE>1</TRACKINGTYPE>
        <RSSTYPE>0</RSSTYPE>
        <RSSARTICLES>0</RSSARTICLES>
        <TIMEMODIFIED>1218811980</TIMEMODIFIED>
        <WARNAFTER>0</WARNAFTER>
        <BLOCKAFTER>0</BLOCKAFTER>
        <BLOCKPERIOD>0</BLOCKPERIOD>
        <COMPLETIONDISCUSSIONS>0</COMPLETIONDISCUSSIONS>
        <COMPLETIONREPLIES>0</COMPLETIONREPLIES>
        <COMPLETIONPOSTS>0</COMPLETIONPOSTS>
      </MOD>
      <MOD>
        <GUID>32fb4b184b5a3848548473183f6054e7c59fae50</GUID>
        <ID>7</ID>
        <MODTYPE>forum</MODTYPE>
        <TYPE>general</TYPE>
        <NAME>forum 20080815 16:49</NAME>
        <INTRO>sdfsdf </INTRO>
        <ASSESSED>0</ASSESSED>
        <ASSESSTIMESTART>0</ASSESSTIMESTART>
        <ASSESSTIMEFINISH>0</ASSESSTIMEFINISH>
        <MAXBYTES>512000</MAXBYTES>
        <SCALE>0</SCALE>
        <FORCESUBSCRIBE>0</FORCESUBSCRIBE>
        <TRACKINGTYPE>2</TRACKINGTYPE>
        <RSSTYPE>0</RSSTYPE>
        <RSSARTICLES>0</RSSARTICLES>
        <TIMEMODIFIED>1218815375</TIMEMODIFIED>
        <WARNAFTER>0</WARNAFTER>
        <BLOCKAFTER>0</BLOCKAFTER>
        <BLOCKPERIOD>0</BLOCKPERIOD>
        <COMPLETIONDISCUSSIONS>0</COMPLETIONDISCUSSIONS>
        <COMPLETIONREPLIES>0</COMPLETIONREPLIES>
        <COMPLETIONPOSTS>0</COMPLETIONPOSTS>
      </MOD>
      <MOD>
        <ID>106</ID>
        <MODTYPE>label</MODTYPE>
        <NAME>20080815 16:14 </NAME>
        <CONTENT>20080815 16:14 </CONTENT>
        <TIMEMODIFIED>1218813284</TIMEMODIFIED>
        <DISPLAYTYPE>0</DISPLAYTYPE>
      </MOD>
    </MODULES>
    <FORMATDATA>
    </FORMATDATA>
  </COURSE>
</MOODLE_BACKUP>
