<?xml version="1.0" encoding="UTF-8"?>
<MOODLE_BACKUP>
  <INFO>
    <NAME>backup-srv103-20080522-1629.zip</NAME>
    <MOODLE_VERSION>2007101509</MOODLE_VERSION>
    <MOODLE_RELEASE>1.9 + (Build: 20080306)</MOODLE_RELEASE>
    <BACKUP_VERSION>2008041100</BACKUP_VERSION>
    <BACKUP_RELEASE>1.9</BACKUP_RELEASE>
    <DATE>1211470154</DATE>
    <ORIGINAL_WWWROOT>http://localhost/moodle-server</ORIGINAL_WWWROOT>
    <ZIP_METHOD>internal</ZIP_METHOD>
    <DETAILS>
      <MOD>
        <NAME>choice</NAME>
        <INCLUDED>true</INCLUDED>
        <USERINFO>true</USERINFO>
        <INSTANCES>
          <INSTANCE>
          <ID>1</ID>
          <NAME>choice test 20080522 11:39</NAME>
          <INCLUDED>true</INCLUDED>
          <USERINFO>true</USERINFO>
          </INSTANCE>
          <INSTANCE>
          <ID>2</ID>
          <NAME>test choice</NAME>
          <INCLUDED>true</INCLUDED>
          <USERINFO>true</USERINFO>
          </INSTANCE>
        </INSTANCES>
      </MOD>
      <MOD>
        <NAME>data</NAME>
        <INCLUDED>true</INCLUDED>
        <USERINFO>true</USERINFO>
        <INSTANCES>
          <INSTANCE>
          <ID>1</ID>
          <NAME>database test 20080522 11:41</NAME>
          <INCLUDED>true</INCLUDED>
          <USERINFO>true</USERINFO>
          </INSTANCE>
        </INSTANCES>
      </MOD>
      <MOD>
        <NAME>forum</NAME>
        <INCLUDED>true</INCLUDED>
        <USERINFO>true</USERINFO>
        <INSTANCES>
          <INSTANCE>
          <ID>3</ID>
          <NAME>News forum</NAME>
          <INCLUDED>true</INCLUDED>
          <USERINFO>true</USERINFO>
          </INSTANCE>
          <INSTANCE>
          <ID>4</ID>
          <NAME>forum test 20080522 11:26</NAME>
          <INCLUDED>true</INCLUDED>
          <USERINFO>true</USERINFO>
          </INSTANCE>
        </INSTANCES>
      </MOD>
      <MOD>
        <NAME>glossary</NAME>
        <INCLUDED>true</INCLUDED>
        <USERINFO>true</USERINFO>
        <INSTANCES>
          <INSTANCE>
          <ID>1</ID>
          <NAME>glossary test 20080522 11:53</NAME>
          <INCLUDED>true</INCLUDED>
          <USERINFO>true</USERINFO>
          </INSTANCE>
        </INSTANCES>
      </MOD>
      <MOD>
        <NAME>label</NAME>
        <INCLUDED>true</INCLUDED>
        <USERINFO>true</USERINFO>
        <INSTANCES>
          <INSTANCE>
          <ID>5</ID>
          <NAME> label 20080522 11:10 </NAME>
          <INCLUDED>true</INCLUDED>
          <USERINFO>true</USERINFO>
          </INSTANCE>
        </INSTANCES>
      </MOD>
      <MOD>
        <NAME>lesson</NAME>
        <INCLUDED>true</INCLUDED>
        <USERINFO>true</USERINFO>
        <INSTANCES>
          <INSTANCE>
          <ID>1</ID>
          <NAME>lesson test 20080522 11:54</NAME>
          <INCLUDED>true</INCLUDED>
          <USERINFO>true</USERINFO>
          </INSTANCE>
        </INSTANCES>
      </MOD>
      <MOD>
        <NAME>quiz</NAME>
        <INCLUDED>true</INCLUDED>
        <USERINFO>true</USERINFO>
        <INSTANCES>
          <INSTANCE>
          <ID>1</ID>
          <NAME>quiz test 20080522 11:54</NAME>
          <INCLUDED>true</INCLUDED>
          <USERINFO>true</USERINFO>
          </INSTANCE>
        </INSTANCES>
      </MOD>
      <MOD>
        <NAME>resource</NAME>
        <INCLUDED>true</INCLUDED>
        <USERINFO>true</USERINFO>
        <INSTANCES>
          <INSTANCE>
          <ID>2</ID>
          <NAME>web page 20080522 11:01</NAME>
          <INCLUDED>true</INCLUDED>
          <USERINFO>true</USERINFO>
          </INSTANCE>
          <INSTANCE>
          <ID>5</ID>
          <NAME>main files directory 20080522 16:28</NAME>
          <INCLUDED>true</INCLUDED>
          <USERINFO>true</USERINFO>
          </INSTANCE>
          <INSTANCE>
          <ID>4</ID>
          <NAME>text page 20080522 11:16</NAME>
          <INCLUDED>true</INCLUDED>
          <USERINFO>true</USERINFO>
          </INSTANCE>
        </INSTANCES>
      </MOD>
      <METACOURSE>false</METACOURSE>
      <USERS>course</USERS>
      <LOGS>false</LOGS>
      <USERFILES>true</USERFILES>
      <COURSEFILES>true</COURSEFILES>
      <SITEFILES>true</SITEFILES>
      <MESSAGES>false</MESSAGES>
      <BLOCKFORMAT>instances</BLOCKFORMAT>
    </DETAILS>
  </INFO>
  <ROLES>
  </ROLES>
  <COURSE>
    <HEADER>
      <ID>4</ID>
      <CATEGORY>
        <ID>1</ID>
        <NAME>Miscellaneous</NAME>
      </CATEGORY>
      <PASSWORD></PASSWORD>
      <FULLNAME>Server 103</FULLNAME>
      <SHORTNAME>SRV103</SHORTNAME>
      <IDNUMBER></IDNUMBER>
      <SUMMARY> Write a concise and interesting paragraph here that explains what this course is about</SUMMARY>
      <FORMAT>weeks</FORMAT>
      <SHOWGRADES>1</SHOWGRADES>
      <NEWSITEMS>5</NEWSITEMS>
      <TEACHER>Teacher</TEACHER>
      <TEACHERS>Teachers</TEACHERS>
      <STUDENT>Student</STUDENT>
      <STUDENTS>Students</STUDENTS>
      <GUEST>0</GUEST>
      <STARTDATE>1211497200</STARTDATE>
      <NUMSECTIONS>10</NUMSECTIONS>
      <MAXBYTES>16777216</MAXBYTES>
      <SHOWREPORTS>0</SHOWREPORTS>
      <GROUPMODE>0</GROUPMODE>
      <GROUPMODEFORCE>0</GROUPMODEFORCE>
      <DEFAULTGROUPINGID>0</DEFAULTGROUPINGID>
      <LANG></LANG>
      <THEME></THEME>
      <COST></COST>
      <CURRENCY>USD</CURRENCY>
      <MARKER>0</MARKER>
      <VISIBLE>1</VISIBLE>
      <HIDDENSECTIONS>0</HIDDENSECTIONS>
      <TIMECREATED>1211450457</TIMECREATED>
      <TIMEMODIFIED>1211450457</TIMEMODIFIED>
      <METACOURSE>0</METACOURSE>
      <EXPIRENOTIFY>0</EXPIRENOTIFY>
      <NOTIFYSTUDENTS>0</NOTIFYSTUDENTS>
      <EXPIRYTHRESHOLD>864000</EXPIRYTHRESHOLD>
      <ENROLLABLE>1</ENROLLABLE>
      <ENROLSTARTDATE>0</ENROLSTARTDATE>
      <ENROLENDDATE>0</ENROLENDDATE>
      <ENROLPERIOD>0</ENROLPERIOD>
      <ROLES_OVERRIDES>
      </ROLES_OVERRIDES>
      <ROLES_ASSIGNMENTS>
      </ROLES_ASSIGNMENTS>
    </HEADER>
    <BLOCKS>
      <BLOCK>
        <ID>23</ID>
        <NAME>participants</NAME>
        <PAGEID>4</PAGEID>
        <PAGETYPE>course-view</PAGETYPE>
        <POSITION>l</POSITION>
        <WEIGHT>0</WEIGHT>
        <VISIBLE>1</VISIBLE>
        <CONFIGDATA>YjowOw==</CONFIGDATA>
        <ROLES_OVERRIDES>
        </ROLES_OVERRIDES>
        <ROLES_ASSIGNMENTS>
        </ROLES_ASSIGNMENTS>
      </BLOCK>
      <BLOCK>
        <ID>24</ID>
        <NAME>activity_modules</NAME>
        <PAGEID>4</PAGEID>
        <PAGETYPE>course-view</PAGETYPE>
        <POSITION>l</POSITION>
        <WEIGHT>1</WEIGHT>
        <VISIBLE>1</VISIBLE>
        <CONFIGDATA>YjowOw==</CONFIGDATA>
        <ROLES_OVERRIDES>
        </ROLES_OVERRIDES>
        <ROLES_ASSIGNMENTS>
        </ROLES_ASSIGNMENTS>
      </BLOCK>
      <BLOCK>
        <ID>25</ID>
        <NAME>search_forums</NAME>
        <PAGEID>4</PAGEID>
        <PAGETYPE>course-view</PAGETYPE>
        <POSITION>l</POSITION>
        <WEIGHT>2</WEIGHT>
        <VISIBLE>1</VISIBLE>
        <CONFIGDATA>YjowOw==</CONFIGDATA>
        <ROLES_OVERRIDES>
        </ROLES_OVERRIDES>
        <ROLES_ASSIGNMENTS>
        </ROLES_ASSIGNMENTS>
      </BLOCK>
      <BLOCK>
        <ID>26</ID>
        <NAME>admin</NAME>
        <PAGEID>4</PAGEID>
        <PAGETYPE>course-view</PAGETYPE>
        <POSITION>l</POSITION>
        <WEIGHT>3</WEIGHT>
        <VISIBLE>1</VISIBLE>
        <CONFIGDATA>YjowOw==</CONFIGDATA>
        <ROLES_OVERRIDES>
        </ROLES_OVERRIDES>
        <ROLES_ASSIGNMENTS>
        </ROLES_ASSIGNMENTS>
      </BLOCK>
      <BLOCK>
        <ID>27</ID>
        <NAME>course_list</NAME>
        <PAGEID>4</PAGEID>
        <PAGETYPE>course-view</PAGETYPE>
        <POSITION>l</POSITION>
        <WEIGHT>4</WEIGHT>
        <VISIBLE>1</VISIBLE>
        <CONFIGDATA>YjowOw==</CONFIGDATA>
        <ROLES_OVERRIDES>
        </ROLES_OVERRIDES>
        <ROLES_ASSIGNMENTS>
        </ROLES_ASSIGNMENTS>
      </BLOCK>
      <BLOCK>
        <ID>28</ID>
        <NAME>news_items</NAME>
        <PAGEID>4</PAGEID>
        <PAGETYPE>course-view</PAGETYPE>
        <POSITION>r</POSITION>
        <WEIGHT>0</WEIGHT>
        <VISIBLE>1</VISIBLE>
        <CONFIGDATA>YjowOw==</CONFIGDATA>
        <ROLES_OVERRIDES>
        </ROLES_OVERRIDES>
        <ROLES_ASSIGNMENTS>
        </ROLES_ASSIGNMENTS>
      </BLOCK>
      <BLOCK>
        <ID>29</ID>
        <NAME>calendar_upcoming</NAME>
        <PAGEID>4</PAGEID>
        <PAGETYPE>course-view</PAGETYPE>
        <POSITION>r</POSITION>
        <WEIGHT>1</WEIGHT>
        <VISIBLE>1</VISIBLE>
        <CONFIGDATA>YjowOw==</CONFIGDATA>
        <ROLES_OVERRIDES>
        </ROLES_OVERRIDES>
        <ROLES_ASSIGNMENTS>
        </ROLES_ASSIGNMENTS>
      </BLOCK>
      <BLOCK>
        <ID>30</ID>
        <NAME>recent_activity</NAME>
        <PAGEID>4</PAGEID>
        <PAGETYPE>course-view</PAGETYPE>
        <POSITION>r</POSITION>
        <WEIGHT>2</WEIGHT>
        <VISIBLE>1</VISIBLE>
        <CONFIGDATA>YjowOw==</CONFIGDATA>
        <ROLES_OVERRIDES>
        </ROLES_OVERRIDES>
        <ROLES_ASSIGNMENTS>
        </ROLES_ASSIGNMENTS>
      </BLOCK>
    </BLOCKS>
    <SECTIONS>
      <SECTION>
        <ID>24</ID>
        <NUMBER>0</NUMBER>
        <SUMMARY>$@NULL@$</SUMMARY>
        <VISIBLE>1</VISIBLE>
        <MODS>
          <MOD>
            <GUID>56b2b7ea9828328cdb8d41553f41a1a9ed81f2dc</GUID>
            <ID>8</ID>
            <TYPE>forum</TYPE>
            <INSTANCE>3</INSTANCE>
            <ADDED>1211450466</ADDED>
            <SCORE>0</SCORE>
            <INDENT>0</INDENT>
            <VISIBLE>1</VISIBLE>
            <GROUPMODE>0</GROUPMODE>
            <GROUPINGID>0</GROUPINGID>
            <GROUPMEMBERSONLY>0</GROUPMEMBERSONLY>
            <ROLES_OVERRIDES>
            </ROLES_OVERRIDES>
            <ROLES_ASSIGNMENTS>
            </ROLES_ASSIGNMENTS>
          </MOD>
          <MOD>
            <GUID>219fb1a2b90ef877b7d72129be61544979983257</GUID>
            <ID>9</ID>
            <TYPE>resource</TYPE>
            <INSTANCE>2</INSTANCE>
            <ADDED>1211450499</ADDED>
            <SCORE>0</SCORE>
            <INDENT>0</INDENT>
            <VISIBLE>1</VISIBLE>
            <GROUPMODE>0</GROUPMODE>
            <GROUPINGID>0</GROUPINGID>
            <GROUPMEMBERSONLY>0</GROUPMEMBERSONLY>
            <ROLES_OVERRIDES>
            </ROLES_OVERRIDES>
            <ROLES_ASSIGNMENTS>
            </ROLES_ASSIGNMENTS>
          </MOD>
          <MOD>
            <GUID>f341c6d7c4c70e44c2d997574f8cb4c9eee04a59</GUID>
            <ID>20</ID>
            <TYPE>resource</TYPE>
            <INSTANCE>5</INSTANCE>
            <ADDED>1211470146</ADDED>
            <SCORE>0</SCORE>
            <INDENT>0</INDENT>
            <VISIBLE>1</VISIBLE>
            <GROUPMODE>0</GROUPMODE>
            <GROUPINGID>0</GROUPINGID>
            <GROUPMEMBERSONLY>0</GROUPMEMBERSONLY>
            <ROLES_OVERRIDES>
            </ROLES_OVERRIDES>
            <ROLES_ASSIGNMENTS>
            </ROLES_ASSIGNMENTS>
          </MOD>
        </MODS>
      </SECTION>
      <SECTION>
        <ID>25</ID>
        <NUMBER>1</NUMBER>
        <SUMMARY></SUMMARY>
        <VISIBLE>1</VISIBLE>
      </SECTION>
      <SECTION>
        <ID>26</ID>
        <NUMBER>2</NUMBER>
        <SUMMARY></SUMMARY>
        <VISIBLE>1</VISIBLE>
        <MODS>
          <MOD>
            <GUID>700ece4375005d5e0e32780b9d22e0ed607b2274</GUID>
            <ID>11</ID>
            <TYPE>label</TYPE>
            <INSTANCE>5</INSTANCE>
            <ADDED>1211450830</ADDED>
            <SCORE>0</SCORE>
            <INDENT>0</INDENT>
            <VISIBLE>1</VISIBLE>
            <GROUPMODE>0</GROUPMODE>
            <GROUPINGID>0</GROUPINGID>
            <GROUPMEMBERSONLY>0</GROUPMEMBERSONLY>
            <ROLES_OVERRIDES>
            </ROLES_OVERRIDES>
            <ROLES_ASSIGNMENTS>
            </ROLES_ASSIGNMENTS>
          </MOD>
          <MOD>
            <GUID>f5b84b3819e35e7b1480efddd76c959bcf392525</GUID>
            <ID>12</ID>
            <TYPE>resource</TYPE>
            <INSTANCE>4</INSTANCE>
            <ADDED>1211451395</ADDED>
            <SCORE>0</SCORE>
            <INDENT>0</INDENT>
            <VISIBLE>1</VISIBLE>
            <GROUPMODE>0</GROUPMODE>
            <GROUPINGID>0</GROUPINGID>
            <GROUPMEMBERSONLY>0</GROUPMEMBERSONLY>
            <ROLES_OVERRIDES>
            </ROLES_OVERRIDES>
            <ROLES_ASSIGNMENTS>
            </ROLES_ASSIGNMENTS>
          </MOD>
        </MODS>
      </SECTION>
      <SECTION>
        <ID>27</ID>
        <NUMBER>3</NUMBER>
        <SUMMARY></SUMMARY>
        <VISIBLE>1</VISIBLE>
        <MODS>
          <MOD>
            <GUID>6e95784fac688b7112723d67df65f00ab5c49cf9</GUID>
            <ID>13</ID>
            <TYPE>forum</TYPE>
            <INSTANCE>4</INSTANCE>
            <ADDED>1211452001</ADDED>
            <SCORE>0</SCORE>
            <INDENT>0</INDENT>
            <VISIBLE>1</VISIBLE>
            <GROUPMODE>0</GROUPMODE>
            <GROUPINGID>0</GROUPINGID>
            <GROUPMEMBERSONLY>0</GROUPMEMBERSONLY>
            <ROLES_OVERRIDES>
            </ROLES_OVERRIDES>
            <ROLES_ASSIGNMENTS>
            </ROLES_ASSIGNMENTS>
          </MOD>
        </MODS>
      </SECTION>
      <SECTION>
        <ID>28</ID>
        <NUMBER>4</NUMBER>
        <SUMMARY></SUMMARY>
        <VISIBLE>1</VISIBLE>
        <MODS>
          <MOD>
            <GUID>2a61036480fab31e5d44c5e968191a08b5e1faed</GUID>
            <ID>14</ID>
            <TYPE>choice</TYPE>
            <INSTANCE>1</INSTANCE>
            <ADDED>1211452824</ADDED>
            <SCORE>0</SCORE>
            <INDENT>0</INDENT>
            <VISIBLE>1</VISIBLE>
            <GROUPMODE>0</GROUPMODE>
            <GROUPINGID>0</GROUPINGID>
            <GROUPMEMBERSONLY>0</GROUPMEMBERSONLY>
            <ROLES_OVERRIDES>
            </ROLES_OVERRIDES>
            <ROLES_ASSIGNMENTS>
            </ROLES_ASSIGNMENTS>
          </MOD>
        </MODS>
      </SECTION>
      <SECTION>
        <ID>29</ID>
        <NUMBER>5</NUMBER>
        <SUMMARY></SUMMARY>
        <VISIBLE>1</VISIBLE>
        <MODS>
          <MOD>
            <GUID>b6a07ab4a3984451f4ce2b85219bdfbb481d4a72</GUID>
            <ID>15</ID>
            <TYPE>data</TYPE>
            <INSTANCE>1</INSTANCE>
            <ADDED>1211452903</ADDED>
            <SCORE>0</SCORE>
            <INDENT>0</INDENT>
            <VISIBLE>1</VISIBLE>
            <GROUPMODE>0</GROUPMODE>
            <GROUPINGID>0</GROUPINGID>
            <GROUPMEMBERSONLY>0</GROUPMEMBERSONLY>
            <ROLES_OVERRIDES>
            </ROLES_OVERRIDES>
            <ROLES_ASSIGNMENTS>
            </ROLES_ASSIGNMENTS>
          </MOD>
        </MODS>
      </SECTION>
      <SECTION>
        <ID>30</ID>
        <NUMBER>6</NUMBER>
        <SUMMARY></SUMMARY>
        <VISIBLE>1</VISIBLE>
        <MODS>
          <MOD>
            <GUID>00fa8188fb5d05eea915a0bf8cff62435373c28e</GUID>
            <ID>16</ID>
            <TYPE>glossary</TYPE>
            <INSTANCE>1</INSTANCE>
            <ADDED>1211453602</ADDED>
            <SCORE>0</SCORE>
            <INDENT>0</INDENT>
            <VISIBLE>1</VISIBLE>
            <GROUPMODE>0</GROUPMODE>
            <GROUPINGID>0</GROUPINGID>
            <GROUPMEMBERSONLY>0</GROUPMEMBERSONLY>
            <ROLES_OVERRIDES>
            </ROLES_OVERRIDES>
            <ROLES_ASSIGNMENTS>
            </ROLES_ASSIGNMENTS>
          </MOD>
          <MOD>
            <GUID>f289c108679259038c2ed263f5679f4e15134fdb</GUID>
            <ID>17</ID>
            <TYPE>lesson</TYPE>
            <INSTANCE>1</INSTANCE>
            <ADDED>1211453661</ADDED>
            <SCORE>0</SCORE>
            <INDENT>0</INDENT>
            <VISIBLE>1</VISIBLE>
            <GROUPMODE>0</GROUPMODE>
            <GROUPINGID>0</GROUPINGID>
            <GROUPMEMBERSONLY>0</GROUPMEMBERSONLY>
            <ROLES_OVERRIDES>
            </ROLES_OVERRIDES>
            <ROLES_ASSIGNMENTS>
            </ROLES_ASSIGNMENTS>
          </MOD>
          <MOD>
            <GUID>1ab96cc5bf8a38071c7e3018d227bc33dbe52202</GUID>
            <ID>18</ID>
            <TYPE>quiz</TYPE>
            <INSTANCE>1</INSTANCE>
            <ADDED>1211453699</ADDED>
            <SCORE>0</SCORE>
            <INDENT>0</INDENT>
            <VISIBLE>1</VISIBLE>
            <GROUPMODE>0</GROUPMODE>
            <GROUPINGID>0</GROUPINGID>
            <GROUPMEMBERSONLY>0</GROUPMEMBERSONLY>
            <ROLES_OVERRIDES>
            </ROLES_OVERRIDES>
            <ROLES_ASSIGNMENTS>
            </ROLES_ASSIGNMENTS>
          </MOD>
          <MOD>
            <GUID>6db813fb13c5ce856e8d40797a50f329a221d748</GUID>
            <ID>19</ID>
            <TYPE>choice</TYPE>
            <INSTANCE>2</INSTANCE>
            <ADDED>1211465730</ADDED>
            <SCORE>0</SCORE>
            <INDENT>0</INDENT>
            <VISIBLE>1</VISIBLE>
            <GROUPMODE>0</GROUPMODE>
            <GROUPINGID>0</GROUPINGID>
            <GROUPMEMBERSONLY>0</GROUPMEMBERSONLY>
            <ROLES_OVERRIDES>
            </ROLES_OVERRIDES>
            <ROLES_ASSIGNMENTS>
            </ROLES_ASSIGNMENTS>
          </MOD>
        </MODS>
      </SECTION>
      <SECTION>
        <ID>31</ID>
        <NUMBER>7</NUMBER>
        <SUMMARY></SUMMARY>
        <VISIBLE>1</VISIBLE>
      </SECTION>
      <SECTION>
        <ID>32</ID>
        <NUMBER>8</NUMBER>
        <SUMMARY></SUMMARY>
        <VISIBLE>1</VISIBLE>
      </SECTION>
      <SECTION>
        <ID>33</ID>
        <NUMBER>9</NUMBER>
        <SUMMARY></SUMMARY>
        <VISIBLE>1</VISIBLE>
      </SECTION>
      <SECTION>
        <ID>34</ID>
        <NUMBER>10</NUMBER>
        <SUMMARY></SUMMARY>
        <VISIBLE>1</VISIBLE>
      </SECTION>
    </SECTIONS>
    <USERS>
      <USER>
        <ID>2</ID>
        <AUTH>manual</AUTH>
        <CONFIRMED>1</CONFIRMED>
        <POLICYAGREED>0</POLICYAGREED>
        <DELETED>0</DELETED>
        <USERNAME>admin</USERNAME>
        <PASSWORD>77dd63ea2cf28ef04e100640835a0dda</PASSWORD>
        <IDNUMBER></IDNUMBER>
        <FIRSTNAME>Admin</FIRSTNAME>
        <LASTNAME>User</LASTNAME>
        <EMAIL>no-reply@open.ac.uk</EMAIL>
        <EMAILSTOP>0</EMAILSTOP>
        <ICQ></ICQ>
        <SKYPE></SKYPE>
        <YAHOO></YAHOO>
        <AIM></AIM>
        <MSN></MSN>
        <PHONE1></PHONE1>
        <PHONE2></PHONE2>
        <INSTITUTION></INSTITUTION>
        <DEPARTMENT></DEPARTMENT>
        <ADDRESS></ADDRESS>
        <CITY>Milton Keynes</CITY>
        <COUNTRY>GB</COUNTRY>
        <LANG>en_utf8</LANG>
        <THEME></THEME>
        <TIMEZONE>99</TIMEZONE>
        <FIRSTACCESS>0</FIRSTACCESS>
        <LASTACCESS>1211470101</LASTACCESS>
        <LASTLOGIN>1211381348</LASTLOGIN>
        <CURRENTLOGIN>1211465606</CURRENTLOGIN>
        <LASTIP>127.0.0.1</LASTIP>
        <SECRET></SECRET>
        <PICTURE>0</PICTURE>
        <URL></URL>
        <DESCRIPTION></DESCRIPTION>
        <MAILFORMAT>1</MAILFORMAT>
        <MAILDIGEST>0</MAILDIGEST>
        <MAILDISPLAY>1</MAILDISPLAY>
        <HTMLEDITOR>1</HTMLEDITOR>
        <AJAX>1</AJAX>
        <AUTOSUBSCRIBE>1</AUTOSUBSCRIBE>
        <TRACKFORUMS>0</TRACKFORUMS>
        <TIMEMODIFIED>1211294344</TIMEMODIFIED>
        <ROLES>
          <ROLE>
            <TYPE>needed</TYPE>
          </ROLE>
        </ROLES>
        <USER_PREFERENCES>
          <USER_PREFERENCE>
            <NAME>auth_forcepasswordchange</NAME>
            <VALUE>0</VALUE>
          </USER_PREFERENCE>
          <USER_PREFERENCE>
            <NAME>email_bounce_count</NAME>
            <VALUE>1</VALUE>
          </USER_PREFERENCE>
          <USER_PREFERENCE>
            <NAME>email_send_count</NAME>
            <VALUE>1</VALUE>
          </USER_PREFERENCE>
        </USER_PREFERENCES>
        <ROLES_OVERRIDES>
        </ROLES_OVERRIDES>
        <ROLES_ASSIGNMENTS>
        </ROLES_ASSIGNMENTS>
      </USER>
    </USERS>
    <GRADEBOOK>
      <GRADE_ITEMS>
        <GRADE_ITEM>
          <ID>3</ID>
          <CATEGORYID>$@NULL@$</CATEGORYID>
          <ITEMNAME>$@NULL@$</ITEMNAME>
          <ITEMTYPE>course</ITEMTYPE>
          <ITEMMODULE>$@NULL@$</ITEMMODULE>
          <ITEMINSTANCE>3</ITEMINSTANCE>
          <ITEMNUMBER>$@NULL@$</ITEMNUMBER>
          <ITEMINFO>$@NULL@$</ITEMINFO>
          <IDNUMBER>$@NULL@$</IDNUMBER>
          <CALCULATION>$@NULL@$</CALCULATION>
          <GRADETYPE>1</GRADETYPE>
          <GRADEMAX>100.00000</GRADEMAX>
          <GRADEMIN>0.00000</GRADEMIN>
          <SCALEID>$@NULL@$</SCALEID>
          <OUTCOMEID>$@NULL@$</OUTCOMEID>
          <GRADEPASS>0.00000</GRADEPASS>
          <MULTFACTOR>1.00000</MULTFACTOR>
          <PLUSFACTOR>0.00000</PLUSFACTOR>
          <AGGREGATIONCOEF>0.00000</AGGREGATIONCOEF>
          <DISPLAY>0</DISPLAY>
          <DECIMALS>$@NULL@$</DECIMALS>
          <HIDDEN>0</HIDDEN>
          <LOCKED>0</LOCKED>
          <LOCKTIME>0</LOCKTIME>
          <NEEDSUPDATE>0</NEEDSUPDATE>
          <TIMECREATED>1211450500</TIMECREATED>
          <TIMEMODIFIED>1211450500</TIMEMODIFIED>
        </GRADE_ITEM>
        <GRADE_ITEM>
          <ID>4</ID>
          <CATEGORYID>3</CATEGORYID>
          <ITEMNAME>quiz test 20080522 11:54</ITEMNAME>
          <ITEMTYPE>mod</ITEMTYPE>
          <ITEMMODULE>quiz</ITEMMODULE>
          <ITEMINSTANCE>1</ITEMINSTANCE>
          <ITEMNUMBER>0</ITEMNUMBER>
          <ITEMINFO>$@NULL@$</ITEMINFO>
          <IDNUMBER></IDNUMBER>
          <CALCULATION>$@NULL@$</CALCULATION>
          <GRADETYPE>1</GRADETYPE>
          <GRADEMAX>10.00000</GRADEMAX>
          <GRADEMIN>0.00000</GRADEMIN>
          <SCALEID>$@NULL@$</SCALEID>
          <OUTCOMEID>$@NULL@$</OUTCOMEID>
          <GRADEPASS>0.00000</GRADEPASS>
          <MULTFACTOR>1.00000</MULTFACTOR>
          <PLUSFACTOR>0.00000</PLUSFACTOR>
          <AGGREGATIONCOEF>0.00000</AGGREGATIONCOEF>
          <DISPLAY>0</DISPLAY>
          <DECIMALS>$@NULL@$</DECIMALS>
          <HIDDEN>0</HIDDEN>
          <LOCKED>0</LOCKED>
          <LOCKTIME>0</LOCKTIME>
          <NEEDSUPDATE>0</NEEDSUPDATE>
          <TIMECREATED>1211453699</TIMECREATED>
          <TIMEMODIFIED>1211453699</TIMEMODIFIED>
        </GRADE_ITEM>
      </GRADE_ITEMS>
    </GRADEBOOK>
    <MODULES>
      <MOD>
        <ID>1</ID>
        <MODTYPE>choice</MODTYPE>
        <NAME>choice test 20080522 11:39</NAME>
        <TEXT>sfdsf </TEXT>
        <FORMAT>1</FORMAT>
        <PUBLISH>0</PUBLISH>
        <SHOWRESULTS>0</SHOWRESULTS>
        <DISPLAY>0</DISPLAY>
        <ALLOWUPDATE>0</ALLOWUPDATE>
        <SHOWUNANSWERED>0</SHOWUNANSWERED>
        <LIMITANSWERS>0</LIMITANSWERS>
        <TIMEOPEN>0</TIMEOPEN>
        <TIMECLOSE>0</TIMECLOSE>
        <TIMEMODIFIED>1211452824</TIMEMODIFIED>
        <OPTIONS>
          <OPTION>
            <ID>1</ID>
            <TEXT>1</TEXT>
            <MAXANSWERS>0</MAXANSWERS>
            <TIMEMODIFIED>1211452824</TIMEMODIFIED>
          </OPTION>
          <OPTION>
            <ID>2</ID>
            <TEXT>2</TEXT>
            <MAXANSWERS>0</MAXANSWERS>
            <TIMEMODIFIED>1211452824</TIMEMODIFIED>
          </OPTION>
          <OPTION>
            <ID>3</ID>
            <TEXT>3</TEXT>
            <MAXANSWERS>0</MAXANSWERS>
            <TIMEMODIFIED>1211452824</TIMEMODIFIED>
          </OPTION>
          <OPTION>
            <ID>4</ID>
            <TEXT>4</TEXT>
            <MAXANSWERS>0</MAXANSWERS>
            <TIMEMODIFIED>1211452824</TIMEMODIFIED>
          </OPTION>
        </OPTIONS>
      </MOD>
      <MOD>
        <ID>2</ID>
        <MODTYPE>choice</MODTYPE>
        <NAME>test choice</NAME>
        <TEXT> sfdsf </TEXT>
        <FORMAT>1</FORMAT>
        <PUBLISH>0</PUBLISH>
        <SHOWRESULTS>3</SHOWRESULTS>
        <DISPLAY>0</DISPLAY>
        <ALLOWUPDATE>1</ALLOWUPDATE>
        <SHOWUNANSWERED>1</SHOWUNANSWERED>
        <LIMITANSWERS>0</LIMITANSWERS>
        <TIMEOPEN>0</TIMEOPEN>
        <TIMECLOSE>0</TIMECLOSE>
        <TIMEMODIFIED>1211469710</TIMEMODIFIED>
        <OPTIONS>
          <OPTION>
            <ID>5</ID>
            <TEXT>1</TEXT>
            <MAXANSWERS>0</MAXANSWERS>
            <TIMEMODIFIED>1211469710</TIMEMODIFIED>
          </OPTION>
          <OPTION>
            <ID>6</ID>
            <TEXT>2</TEXT>
            <MAXANSWERS>0</MAXANSWERS>
            <TIMEMODIFIED>1211469710</TIMEMODIFIED>
          </OPTION>
          <OPTION>
            <ID>7</ID>
            <TEXT>3</TEXT>
            <MAXANSWERS>0</MAXANSWERS>
            <TIMEMODIFIED>1211469710</TIMEMODIFIED>
          </OPTION>
        </OPTIONS>
      </MOD>
      <MOD>
        <ID>1</ID>
        <MODTYPE>data</MODTYPE>
        <NAME>database test 20080522 11:41</NAME>
        <INTRO>sfsdfds </INTRO>
        <COMMENTS>0</COMMENTS>
        <TIMEAVAILABLEFROM>0</TIMEAVAILABLEFROM>
        <TIMEAVAILABLETO>0</TIMEAVAILABLETO>
        <TIMEVIEWFROM>0</TIMEVIEWFROM>
        <TIMEVIEWTO>0</TIMEVIEWTO>
        <REQUIREDENTRIES>0</REQUIREDENTRIES>
        <REQUIREDENTRIESTOVIEW>0</REQUIREDENTRIESTOVIEW>
        <MAXENTRIES>0</MAXENTRIES>
        <RSSARTICLES>0</RSSARTICLES>
        <SINGLETEMPLATE>
&lt;div class=&quot;defaulttemplate&quot;&gt;
  &lt;table cellpadding=&quot;5&quot;&gt;&lt;tbody&gt;
    &lt;tr&gt;
      &lt;td valign=&quot;top&quot; align=&quot;right&quot;&gt;checkbox:
      &lt;/td&gt;
      &lt;td&gt;[[checkbox]]
      &lt;/td&gt;
    &lt;/tr&gt;
    &lt;tr&gt;
      &lt;td valign=&quot;top&quot; align=&quot;right&quot;&gt;textarea:
      &lt;/td&gt;
      &lt;td&gt;[[textarea]]
      &lt;/td&gt;
    &lt;/tr&gt;
    &lt;tr&gt;
      &lt;td align=&quot;center&quot; colspan=&quot;2&quot;&gt;##edit## ##delete## ##approve##
      &lt;/td&gt;
    &lt;/tr&gt;&lt;/tbody&gt;
  &lt;/table&gt;&lt;/div&gt;</SINGLETEMPLATE>
        <LISTTEMPLATE>
&lt;div class=&quot;defaulttemplate&quot;&gt;
  &lt;table cellpadding=&quot;5&quot;&gt;&lt;tbody&gt;
    &lt;tr&gt;
      &lt;td valign=&quot;top&quot; align=&quot;right&quot;&gt;checkbox:
      &lt;/td&gt;
      &lt;td&gt;[[checkbox]]
      &lt;/td&gt;
    &lt;/tr&gt;
    &lt;tr&gt;
      &lt;td valign=&quot;top&quot; align=&quot;right&quot;&gt;textarea:
      &lt;/td&gt;
      &lt;td&gt;[[textarea]]
      &lt;/td&gt;
    &lt;/tr&gt;
    &lt;tr&gt;
      &lt;td align=&quot;center&quot; colspan=&quot;2&quot;&gt;##edit## ##more## ##delete## ##approve##
      &lt;/td&gt;
    &lt;/tr&gt;&lt;/tbody&gt;
  &lt;/table&gt;&lt;/div&gt;&lt;hr /&gt;</LISTTEMPLATE>
        <LISTTEMPLATEHEADER></LISTTEMPLATEHEADER>
        <LISTTEMPLATEFOOTER></LISTTEMPLATEFOOTER>
        <ADDTEMPLATE>&lt;div class=&quot;defaulttemplate&quot;&gt;&lt;table cellpadding=&quot;5&quot;&gt;&lt;tr&gt;&lt;td valign=&quot;top&quot; align=&quot;right&quot;&gt;checkbox: &lt;/td&gt;&lt;td&gt;[[checkbox]]&lt;/td&gt;&lt;/tr&gt;&lt;tr&gt;&lt;td valign=&quot;top&quot; align=&quot;right&quot;&gt;textarea: &lt;/td&gt;&lt;td&gt;[[textarea]]&lt;/td&gt;&lt;/tr&gt;&lt;/table&gt;&lt;/div&gt;</ADDTEMPLATE>
        <RSSTEMPLATE>&lt;div class=&quot;defaulttemplate&quot;&gt;&lt;table cellpadding=&quot;5&quot;&gt;&lt;tr&gt;&lt;td valign=&quot;top&quot; align=&quot;right&quot;&gt;checkbox: &lt;/td&gt;&lt;td&gt;[[checkbox]]&lt;/td&gt;&lt;/tr&gt;&lt;tr&gt;&lt;td valign=&quot;top&quot; align=&quot;right&quot;&gt;textarea: &lt;/td&gt;&lt;td&gt;[[textarea]]&lt;/td&gt;&lt;/tr&gt;&lt;/table&gt;&lt;/div&gt;</RSSTEMPLATE>
        <RSSTITLETEMPLATE>$@NULL@$</RSSTITLETEMPLATE>
        <CSSTEMPLATE>$@NULL@$</CSSTEMPLATE>
        <JSTEMPLATE>$@NULL@$</JSTEMPLATE>
        <APPROVAL>0</APPROVAL>
        <SCALE>0</SCALE>
        <ASSESSED>0</ASSESSED>
        <DEFAULTSORT>0</DEFAULTSORT>
        <DEFAULTSORTDIR>0</DEFAULTSORTDIR>
        <EDITANY>0</EDITANY>
        <NOTIFICATION>$@NULL@$</NOTIFICATION>
        <FIELDS>
          <FIELD>
            <ID>1</ID>
            <DATAID>1</DATAID>
            <TYPE>checkbox</TYPE>
            <NAME>checkbox</NAME>
            <DESCRIPTION>just a checkbox</DESCRIPTION>
            <PARAM1>1
2
3
4
5</PARAM1>
            <PARAM2></PARAM2>
            <PARAM3></PARAM3>
            <PARAM4>$@NULL@$</PARAM4>
            <PARAM5>$@NULL@$</PARAM5>
            <PARAM6>$@NULL@$</PARAM6>
            <PARAM7>$@NULL@$</PARAM7>
            <PARAM8>$@NULL@$</PARAM8>
            <PARAM9>$@NULL@$</PARAM9>
            <PARAM10>$@NULL@$</PARAM10>
          </FIELD>
          <FIELD>
            <ID>2</ID>
            <DATAID>1</DATAID>
            <TYPE>textarea</TYPE>
            <NAME>textarea</NAME>
            <DESCRIPTION>adsad</DESCRIPTION>
            <PARAM1></PARAM1>
            <PARAM2>60</PARAM2>
            <PARAM3>35</PARAM3>
            <PARAM4>$@NULL@$</PARAM4>
            <PARAM5>$@NULL@$</PARAM5>
            <PARAM6>$@NULL@$</PARAM6>
            <PARAM7>$@NULL@$</PARAM7>
            <PARAM8>$@NULL@$</PARAM8>
            <PARAM9>$@NULL@$</PARAM9>
            <PARAM10>$@NULL@$</PARAM10>
          </FIELD>
        </FIELDS>
        <RECORDS>
          <RECORD>
            <ID>1</ID>
            <USERID>2</USERID>
            <GROUPID>0</GROUPID>
            <DATAID>1</DATAID>
            <TIMECREATED>1211453301</TIMECREATED>
            <TIMEMODIFIED>1211453301</TIMEMODIFIED>
            <APPROVED>1</APPROVED>
            <CONTENTS>
              <CONTENT>
                <ID>1</ID>
                <RECORDID>1</RECORDID>
                <FIELDID>1</FIELDID>
                <CONTENT>2</CONTENT>
                <CONTENT1>$@NULL@$</CONTENT1>
                <CONTENT2>$@NULL@$</CONTENT2>
                <CONTENT3>$@NULL@$</CONTENT3>
                <CONTENT4>$@NULL@$</CONTENT4>
              </CONTENT>
              <CONTENT>
                <ID>2</ID>
                <RECORDID>1</RECORDID>
                <FIELDID>2</FIELDID>
                <CONTENT>test 1 </CONTENT>
                <CONTENT1>1</CONTENT1>
                <CONTENT2>$@NULL@$</CONTENT2>
                <CONTENT3>$@NULL@$</CONTENT3>
                <CONTENT4>$@NULL@$</CONTENT4>
              </CONTENT>
            </CONTENTS>
          </RECORD>
        </RECORDS>
      </MOD>
      <MOD>
        <GUID>56b2b7ea9828328cdb8d41553f41a1a9ed81f2dc</GUID>
        <ID>3</ID>
        <MODTYPE>forum</MODTYPE>
        <TYPE>news</TYPE>
        <NAME>News forum</NAME>
        <INTRO>General news and announcements</INTRO>
        <ASSESSED>0</ASSESSED>
        <ASSESSTIMESTART>0</ASSESSTIMESTART>
        <ASSESSTIMEFINISH>0</ASSESSTIMEFINISH>
        <MAXBYTES>0</MAXBYTES>
        <SCALE>1</SCALE>
        <FORCESUBSCRIBE>1</FORCESUBSCRIBE>
        <TRACKINGTYPE>1</TRACKINGTYPE>
        <RSSTYPE>0</RSSTYPE>
        <RSSARTICLES>0</RSSARTICLES>
        <TIMEMODIFIED>1211450466</TIMEMODIFIED>
        <WARNAFTER>0</WARNAFTER>
        <BLOCKAFTER>0</BLOCKAFTER>
        <BLOCKPERIOD>0</BLOCKPERIOD>
      </MOD>
      <MOD>
        <GUID>6e95784fac688b7112723d67df65f00ab5c49cf9</GUID>
        <ID>4</ID>
        <MODTYPE>forum</MODTYPE>
        <TYPE>general</TYPE>
        <NAME>forum test 20080522 11:26</NAME>
        <INTRO>fdsfsdf </INTRO>
        <ASSESSED>0</ASSESSED>
        <ASSESSTIMESTART>0</ASSESSTIMESTART>
        <ASSESSTIMEFINISH>0</ASSESSTIMEFINISH>
        <MAXBYTES>512000</MAXBYTES>
        <SCALE>0</SCALE>
        <FORCESUBSCRIBE>0</FORCESUBSCRIBE>
        <TRACKINGTYPE>1</TRACKINGTYPE>
        <RSSTYPE>0</RSSTYPE>
        <RSSARTICLES>0</RSSARTICLES>
        <TIMEMODIFIED>1211452001</TIMEMODIFIED>
        <WARNAFTER>0</WARNAFTER>
        <BLOCKAFTER>0</BLOCKAFTER>
        <BLOCKPERIOD>0</BLOCKPERIOD>
        <SUBSCRIPTIONS>
          <SUBSCRIPTION>
        <GUID>14c8c2992e62367a5376bfd563f3e983ce626286</GUID>
            <ID>1</ID>
            <USERID>2</USERID>
          </SUBSCRIPTION>
        </SUBSCRIPTIONS>
        <DISCUSSIONS>
          <DISCUSSION>
        <GUID>d619930389e5ba7a99597555fd6e1e9f5669009b</GUID>
            <ID>1</ID>
            <NAME>discussion test 20080522 11:40</NAME>
            <FIRSTPOST>1</FIRSTPOST>
            <USERID>2</USERID>
            <GROUPID>-1</GROUPID>
            <ASSESSED>1</ASSESSED>
            <TIMEMODIFIED>1211469785</TIMEMODIFIED>
            <USERMODIFIED>2</USERMODIFIED>
            <TIMESTART>0</TIMESTART>
            <TIMEEND>0</TIMEEND>
            <POSTS>
              <POST>
        <GUID>915ee2a18f7360c65d68f0081be4fa005788da20</GUID>
                <ID>1</ID>
                <PARENT>0</PARENT>
                <USERID>2</USERID>
                <CREATED>1211452854</CREATED>
                <MODIFIED>1211453191</MODIFIED>
                <MAILED>0</MAILED>
                <SUBJECT>discussion test 20080522 11:40</SUBJECT>
                <MESSAGE> sdf </MESSAGE>
                <FORMAT>1</FORMAT>
                <ATTACHMENT>876c2624a6ce2f4f81e296bb065eb6eb.zip</ATTACHMENT>
                <TOTALSCORE>0</TOTALSCORE>
                <MAILNOW>0</MAILNOW>
              </POST>
              <POST>
        <GUID>77b1b48d7a3c3a07fe62b25b944924c39a81c5a3</GUID>
                <ID>2</ID>
                <PARENT>1</PARENT>
                <USERID>2</USERID>
                <CREATED>1211465675</CREATED>
                <MODIFIED>1211465675</MODIFIED>
                <MAILED>0</MAILED>
                <SUBJECT>Re: discussion test 20080522 11:40</SUBJECT>
                <MESSAGE>added from server</MESSAGE>
                <FORMAT>1</FORMAT>
                <ATTACHMENT></ATTACHMENT>
                <TOTALSCORE>0</TOTALSCORE>
                <MAILNOW>0</MAILNOW>
              </POST>
              <POST>
        <GUID>ea32b15405bcaa4aac299d2e775c239a6babb4e0</GUID>
                <ID>3</ID>
                <PARENT>1</PARENT>
                <USERID>2</USERID>
                <CREATED>1211469785</CREATED>
                <MODIFIED>1211469785</MODIFIED>
                <MAILED>0</MAILED>
                <SUBJECT>Re: discussion test 20080522 11:40</SUBJECT>
                <MESSAGE>another bit of wisdom </MESSAGE>
                <FORMAT>1</FORMAT>
                <ATTACHMENT></ATTACHMENT>
                <TOTALSCORE>0</TOTALSCORE>
                <MAILNOW>0</MAILNOW>
              </POST>
            </POSTS>
          </DISCUSSION>
        </DISCUSSIONS>
      </MOD>
      <MOD>
        <ID>1</ID>
        <MODTYPE>glossary</MODTYPE>
        <NAME>glossary test 20080522 11:53</NAME>
        <INTRO>asdasd </INTRO>
        <ALLOWDUPLICATEDENTRIES>0</ALLOWDUPLICATEDENTRIES>
        <DISPLAYFORMAT>dictionary</DISPLAYFORMAT>
        <MAINGLOSSARY>0</MAINGLOSSARY>
        <SHOWSPECIAL>1</SHOWSPECIAL>
        <SHOWALPHABET>1</SHOWALPHABET>
        <SHOWALL>1</SHOWALL>
        <ALLOWCOMMENTS>0</ALLOWCOMMENTS>
        <ALLOWPRINTVIEW>1</ALLOWPRINTVIEW>
        <USEDYNALINK>1</USEDYNALINK>
        <DEFAULTAPPROVAL>1</DEFAULTAPPROVAL>
        <GLOBALGLOSSARY>0</GLOBALGLOSSARY>
        <ENTBYPAGE>10</ENTBYPAGE>
        <EDITALWAYS>0</EDITALWAYS>
        <RSSTYPE>0</RSSTYPE>
        <RSSARTICLES>0</RSSARTICLES>
        <TIMECREATED>1211453602</TIMECREATED>
        <TIMEMODIFIED>1211453602</TIMEMODIFIED>
        <ASSESSED>0</ASSESSED>
        <ASSESSTIMESTART>0</ASSESSTIMESTART>
        <ASSESSTIMEFINISH>0</ASSESSTIMEFINISH>
        <SCALE>0</SCALE>
      </MOD>
      <MOD>
        <ID>5</ID>
        <MODTYPE>label</MODTYPE>
        <NAME> label 20080522 11:10 </NAME>
        <CONTENT> label 20080522 11:10 </CONTENT>
        <TIMEMODIFIED>1211451041</TIMEMODIFIED>
      </MOD>
      <MOD>
        <ID>1</ID>
        <MODTYPE>lesson</MODTYPE>
        <NAME>lesson test 20080522 11:54</NAME>
        <PRACTICE>0</PRACTICE>
        <MODATTEMPTS>0</MODATTEMPTS>
        <USEPASSWORD>0</USEPASSWORD>
        <PASSWORD></PASSWORD>
        <DEPENDENCY>0</DEPENDENCY>
        <CONDITIONS>O:8:&quot;stdClass&quot;:3:{s:9:&quot;timespent&quot;;i:0;s:9:&quot;completed&quot;;i:0;s:15:&quot;gradebetterthan&quot;;i:0;}</CONDITIONS>
        <GRADE>0</GRADE>
        <CUSTOM>1</CUSTOM>
        <ONGOING>0</ONGOING>
        <USEMAXGRADE>0</USEMAXGRADE>
        <MAXANSWERS>4</MAXANSWERS>
        <MAXATTEMPTS>1</MAXATTEMPTS>
        <REVIEW>0</REVIEW>
        <NEXTPAGEDEFAULT>0</NEXTPAGEDEFAULT>
        <FEEDBACK>0</FEEDBACK>
        <MINQUESTIONS>0</MINQUESTIONS>
        <MAXPAGES>0</MAXPAGES>
        <TIMED>0</TIMED>
        <MAXTIME>20</MAXTIME>
        <RETAKE>0</RETAKE>
        <ACTIVITYLINK>0</ACTIVITYLINK>
        <MEDIAFILE></MEDIAFILE>
        <MEDIAHEIGHT>100</MEDIAHEIGHT>
        <MEDIAWIDTH>650</MEDIAWIDTH>
        <MEDIACLOSE>0</MEDIACLOSE>
        <SLIDESHOW>0</SLIDESHOW>
        <WIDTH>640</WIDTH>
        <HEIGHT>480</HEIGHT>
        <BGCOLOR>#FFFFFF</BGCOLOR>
        <DISPLAYLEFT>0</DISPLAYLEFT>
        <DISPLAYLEFTIF>0</DISPLAYLEFTIF>
        <PROGRESSBAR>0</PROGRESSBAR>
        <SHOWHIGHSCORES>0</SHOWHIGHSCORES>
        <MAXHIGHSCORES>10</MAXHIGHSCORES>
        <AVAILABLE>0</AVAILABLE>
        <DEADLINE>0</DEADLINE>
        <TIMEMODIFIED>1211453661</TIMEMODIFIED>
      </MOD>
      <MOD>
        <ID>1</ID>
        <MODTYPE>quiz</MODTYPE>
        <NAME>quiz test 20080522 11:54</NAME>
        <INTRO>sadasd </INTRO>
        <TIMEOPEN>0</TIMEOPEN>
        <TIMECLOSE>0</TIMECLOSE>
        <OPTIONFLAGS>1</OPTIONFLAGS>
        <PENALTYSCHEME>1</PENALTYSCHEME>
        <ATTEMPTS_NUMBER>0</ATTEMPTS_NUMBER>
        <ATTEMPTONLAST>0</ATTEMPTONLAST>
        <GRADEMETHOD>1</GRADEMETHOD>
        <DECIMALPOINTS>2</DECIMALPOINTS>
        <REVIEW>4652015</REVIEW>
        <QUESTIONSPERPAGE>0</QUESTIONSPERPAGE>
        <SHUFFLEQUESTIONS>0</SHUFFLEQUESTIONS>
        <SHUFFLEANSWERS>1</SHUFFLEANSWERS>
        <QUESTIONS></QUESTIONS>
        <SUMGRADES>0</SUMGRADES>
        <GRADE>10</GRADE>
        <TIMECREATED>0</TIMECREATED>
        <TIMEMODIFIED>1211453699</TIMEMODIFIED>
        <TIMELIMIT>0</TIMELIMIT>
        <PASSWORD></PASSWORD>
        <SUBNET></SUBNET>
        <POPUP>0</POPUP>
        <DELAY1>0</DELAY1>
        <DELAY2>0</DELAY2>
        <FEEDBACKS>
          <FEEDBACK>
            <ID>1</ID>
            <QUIZID>1</QUIZID>
            <FEEDBACKTEXT></FEEDBACKTEXT>
            <MINGRADE>0</MINGRADE>
            <MAXGRADE>11</MAXGRADE>
          </FEEDBACK>
        </FEEDBACKS>
      </MOD>
      <MOD>
        <ID>2</ID>
        <MODTYPE>resource</MODTYPE>
        <NAME>web page 20080522 11:01</NAME>
        <TYPE>html</TYPE>
        <REFERENCE></REFERENCE>
        <SUMMARY>adasd </SUMMARY>
        <ALLTEXT>asdad </ALLTEXT>
        <POPUP></POPUP>
        <OPTIONS></OPTIONS>
        <TIMEMODIFIED>1211450499</TIMEMODIFIED>
      </MOD>
      <MOD>
        <ID>5</ID>
        <MODTYPE>resource</MODTYPE>
        <NAME>main files directory 20080522 16:28</NAME>
        <TYPE>directory</TYPE>
        <REFERENCE></REFERENCE>
        <SUMMARY>sdfsdff </SUMMARY>
        <ALLTEXT></ALLTEXT>
        <POPUP></POPUP>
        <OPTIONS></OPTIONS>
        <TIMEMODIFIED>1211470146</TIMEMODIFIED>
      </MOD>
      <MOD>
        <ID>4</ID>
        <MODTYPE>resource</MODTYPE>
        <NAME>text page 20080522 11:16</NAME>
        <TYPE>text</TYPE>
        <REFERENCE>2</REFERENCE>
        <SUMMARY> sfsd !&amp;quot;£$%^&amp;amp;*()_+-=¬`{}[]:@~;'#&amp;lt;&amp;gt;?,./|\1234567890qwertyuiopasdfghjklzxcvbnméúíóá¦&lt;br /&gt; </SUMMARY>
        <ALLTEXT>sdfsd !&quot;£$%^&amp;*()_+-=¬`{}[]:@~;'#&lt;&gt;?,./|\1234567890qwertyuiopasdfghjklzxcvbnméúíóá¦</ALLTEXT>
        <POPUP></POPUP>
        <OPTIONS></OPTIONS>
        <TIMEMODIFIED>1211451557</TIMEMODIFIED>
      </MOD>
    </MODULES>
    <FORMATDATA>
    </FORMATDATA>
  </COURSE>
</MOODLE_BACKUP>
