<?xml version="1.0" encoding="UTF-8"?>
<MOODLE_BACKUP>
  <INFO>
    <NAME>backup-srv_20080716_08_52-20080716-0859.zip</NAME>
    <MOODLE_VERSION>2007101513</MOODLE_VERSION>
    <MOODLE_RELEASE>1.9.1+ (Build: 20080602)</MOODLE_RELEASE>
    <BACKUP_VERSION>2008041100</BACKUP_VERSION>
    <BACKUP_RELEASE>1.9</BACKUP_RELEASE>
    <DATE>1216195158</DATE>
    <ORIGINAL_WWWROOT>http://localhost/moodle-server</ORIGINAL_WWWROOT>
    <ZIP_METHOD>internal</ZIP_METHOD>
    <DETAILS>
      <MOD>
        <NAME>forum</NAME>
        <INCLUDED>true</INCLUDED>
        <USERINFO>true</USERINFO>
        <INSTANCES>
          <INSTANCE>
          <ID>7</ID>
          <NAME>News forum</NAME>
          <INCLUDED>true</INCLUDED>
          <USERINFO>true</USERINFO>
          </INSTANCE>
        </INSTANCES>
      </MOD>
      <MOD>
        <NAME>label</NAME>
        <INCLUDED>true</INCLUDED>
        <USERINFO>true</USERINFO>
        <INSTANCES>
          <INSTANCE>
          <ID>14</ID>
          <NAME>label 20080716 08:58 </NAME>
          <INCLUDED>true</INCLUDED>
          <USERINFO>true</USERINFO>
          </INSTANCE>
        </INSTANCES>
      </MOD>
      <METACOURSE>false</METACOURSE>
      <USERS>course</USERS>
      <LOGS>false</LOGS>
      <USERFILES>true</USERFILES>
      <COURSEFILES>true</COURSEFILES>
      <SITEFILES>true</SITEFILES>
      <GRADEBOOKHISTORIES>false</GRADEBOOKHISTORIES>
      <MESSAGES>false</MESSAGES>
      <BLOGS>false</BLOGS>
      <BLOCKFORMAT>instances</BLOCKFORMAT>
    </DETAILS>
  </INFO>
  <ROLES>
  </ROLES>
  <COURSE>
    <HEADER>
      <ID>13</ID>
      <CATEGORY>
        <ID>1</ID>
        <NAME>Miscellaneous</NAME>
      </CATEGORY>
      <PASSWORD></PASSWORD>
      <FULLNAME>SRV 20080716 08:52</FULLNAME>
      <SHORTNAME>SRV 20080716 08:52</SHORTNAME>
      <IDNUMBER></IDNUMBER>
      <SUMMARY>test course SRV 20080716 08:52</SUMMARY>
      <FORMAT>weeks</FORMAT>
      <SHOWGRADES>1</SHOWGRADES>
      <NEWSITEMS>5</NEWSITEMS>
      <TEACHER>Teacher</TEACHER>
      <TEACHERS>Teachers</TEACHERS>
      <STUDENT>Student</STUDENT>
      <STUDENTS>Students</STUDENTS>
      <GUEST>0</GUEST>
      <STARTDATE>1216162800</STARTDATE>
      <NUMSECTIONS>10</NUMSECTIONS>
      <MAXBYTES>16777216</MAXBYTES>
      <SHOWREPORTS>0</SHOWREPORTS>
      <GROUPMODE>0</GROUPMODE>
      <GROUPMODEFORCE>0</GROUPMODEFORCE>
      <DEFAULTGROUPINGID>0</DEFAULTGROUPINGID>
      <LANG></LANG>
      <THEME></THEME>
      <COST></COST>
      <CURRENCY>USD</CURRENCY>
      <MARKER>0</MARKER>
      <VISIBLE>1</VISIBLE>
      <HIDDENSECTIONS>0</HIDDENSECTIONS>
      <TIMECREATED>1216194728</TIMECREATED>
      <TIMEMODIFIED>1216194728</TIMEMODIFIED>
      <METACOURSE>0</METACOURSE>
      <EXPIRENOTIFY>0</EXPIRENOTIFY>
      <NOTIFYSTUDENTS>0</NOTIFYSTUDENTS>
      <EXPIRYTHRESHOLD>864000</EXPIRYTHRESHOLD>
      <ENROLLABLE>1</ENROLLABLE>
      <ENROLSTARTDATE>0</ENROLSTARTDATE>
      <ENROLENDDATE>0</ENROLENDDATE>
      <ENROLPERIOD>0</ENROLPERIOD>
      <ROLES_OVERRIDES>
      </ROLES_OVERRIDES>
      <ROLES_ASSIGNMENTS>
      </ROLES_ASSIGNMENTS>
    </HEADER>
    <BLOCKS>
      <BLOCK>
        <ID>95</ID>
        <NAME>participants</NAME>
        <PAGEID>13</PAGEID>
        <PAGETYPE>course-view</PAGETYPE>
        <POSITION>l</POSITION>
        <WEIGHT>0</WEIGHT>
        <VISIBLE>1</VISIBLE>
        <CONFIGDATA>Tjs=</CONFIGDATA>
        <ROLES_OVERRIDES>
        </ROLES_OVERRIDES>
        <ROLES_ASSIGNMENTS>
        </ROLES_ASSIGNMENTS>
      </BLOCK>
      <BLOCK>
        <ID>96</ID>
        <NAME>activity_modules</NAME>
        <PAGEID>13</PAGEID>
        <PAGETYPE>course-view</PAGETYPE>
        <POSITION>l</POSITION>
        <WEIGHT>1</WEIGHT>
        <VISIBLE>1</VISIBLE>
        <CONFIGDATA>Tjs=</CONFIGDATA>
        <ROLES_OVERRIDES>
        </ROLES_OVERRIDES>
        <ROLES_ASSIGNMENTS>
        </ROLES_ASSIGNMENTS>
      </BLOCK>
      <BLOCK>
        <ID>97</ID>
        <NAME>search_forums</NAME>
        <PAGEID>13</PAGEID>
        <PAGETYPE>course-view</PAGETYPE>
        <POSITION>l</POSITION>
        <WEIGHT>2</WEIGHT>
        <VISIBLE>1</VISIBLE>
        <CONFIGDATA>Tjs=</CONFIGDATA>
        <ROLES_OVERRIDES>
        </ROLES_OVERRIDES>
        <ROLES_ASSIGNMENTS>
        </ROLES_ASSIGNMENTS>
      </BLOCK>
      <BLOCK>
        <ID>98</ID>
        <NAME>admin</NAME>
        <PAGEID>13</PAGEID>
        <PAGETYPE>course-view</PAGETYPE>
        <POSITION>l</POSITION>
        <WEIGHT>3</WEIGHT>
        <VISIBLE>1</VISIBLE>
        <CONFIGDATA>Tjs=</CONFIGDATA>
        <ROLES_OVERRIDES>
        </ROLES_OVERRIDES>
        <ROLES_ASSIGNMENTS>
        </ROLES_ASSIGNMENTS>
      </BLOCK>
      <BLOCK>
        <ID>99</ID>
        <NAME>course_list</NAME>
        <PAGEID>13</PAGEID>
        <PAGETYPE>course-view</PAGETYPE>
        <POSITION>l</POSITION>
        <WEIGHT>4</WEIGHT>
        <VISIBLE>1</VISIBLE>
        <CONFIGDATA>Tjs=</CONFIGDATA>
        <ROLES_OVERRIDES>
        </ROLES_OVERRIDES>
        <ROLES_ASSIGNMENTS>
        </ROLES_ASSIGNMENTS>
      </BLOCK>
      <BLOCK>
        <ID>100</ID>
        <NAME>news_items</NAME>
        <PAGEID>13</PAGEID>
        <PAGETYPE>course-view</PAGETYPE>
        <POSITION>r</POSITION>
        <WEIGHT>0</WEIGHT>
        <VISIBLE>1</VISIBLE>
        <CONFIGDATA>Tjs=</CONFIGDATA>
        <ROLES_OVERRIDES>
        </ROLES_OVERRIDES>
        <ROLES_ASSIGNMENTS>
        </ROLES_ASSIGNMENTS>
      </BLOCK>
      <BLOCK>
        <ID>101</ID>
        <NAME>calendar_upcoming</NAME>
        <PAGEID>13</PAGEID>
        <PAGETYPE>course-view</PAGETYPE>
        <POSITION>r</POSITION>
        <WEIGHT>1</WEIGHT>
        <VISIBLE>1</VISIBLE>
        <CONFIGDATA>Tjs=</CONFIGDATA>
        <ROLES_OVERRIDES>
        </ROLES_OVERRIDES>
        <ROLES_ASSIGNMENTS>
        </ROLES_ASSIGNMENTS>
      </BLOCK>
      <BLOCK>
        <ID>102</ID>
        <NAME>recent_activity</NAME>
        <PAGEID>13</PAGEID>
        <PAGETYPE>course-view</PAGETYPE>
        <POSITION>r</POSITION>
        <WEIGHT>2</WEIGHT>
        <VISIBLE>1</VISIBLE>
        <CONFIGDATA>Tjs=</CONFIGDATA>
        <ROLES_OVERRIDES>
        </ROLES_OVERRIDES>
        <ROLES_ASSIGNMENTS>
        </ROLES_ASSIGNMENTS>
      </BLOCK>
    </BLOCKS>
    <SECTIONS>
      <SECTION>
        <ID>63</ID>
        <NUMBER>0</NUMBER>
        <SUMMARY>$@NULL@$</SUMMARY>
        <VISIBLE>1</VISIBLE>
        <MODS>
          <MOD>
            <GUID>b9be9385f8fbbc2f8d7c8e1c9e3f030f0f9c8377</GUID>
            <ID>36</ID>
            <TYPE>forum</TYPE>
            <INSTANCE>7</INSTANCE>
            <ADDED>1216194914</ADDED>
            <SCORE>0</SCORE>
            <INDENT>0</INDENT>
            <VISIBLE>1</VISIBLE>
            <GROUPMODE>0</GROUPMODE>
            <GROUPINGID>0</GROUPINGID>
            <GROUPMEMBERSONLY>0</GROUPMEMBERSONLY>
            <IDNUMBER>$@NULL@$</IDNUMBER>
            <ROLES_OVERRIDES>
            </ROLES_OVERRIDES>
            <ROLES_ASSIGNMENTS>
            </ROLES_ASSIGNMENTS>
          </MOD>
        </MODS>
      </SECTION>
      <SECTION>
        <ID>64</ID>
        <NUMBER>1</NUMBER>
        <SUMMARY></SUMMARY>
        <VISIBLE>1</VISIBLE>
        <MODS>
          <MOD>
            <GUID>53a9fe8afea88b02ed84d24e96a172716d635b02</GUID>
            <ID>37</ID>
            <TYPE>label</TYPE>
            <INSTANCE>14</INSTANCE>
            <ADDED>1216195129</ADDED>
            <SCORE>0</SCORE>
            <INDENT>0</INDENT>
            <VISIBLE>1</VISIBLE>
            <GROUPMODE>0</GROUPMODE>
            <GROUPINGID>0</GROUPINGID>
            <GROUPMEMBERSONLY>0</GROUPMEMBERSONLY>
            <IDNUMBER>$@NULL@$</IDNUMBER>
            <ROLES_OVERRIDES>
            </ROLES_OVERRIDES>
            <ROLES_ASSIGNMENTS>
            </ROLES_ASSIGNMENTS>
          </MOD>
        </MODS>
      </SECTION>
      <SECTION>
        <ID>65</ID>
        <NUMBER>2</NUMBER>
        <SUMMARY></SUMMARY>
        <VISIBLE>1</VISIBLE>
      </SECTION>
      <SECTION>
        <ID>66</ID>
        <NUMBER>3</NUMBER>
        <SUMMARY></SUMMARY>
        <VISIBLE>1</VISIBLE>
      </SECTION>
      <SECTION>
        <ID>67</ID>
        <NUMBER>4</NUMBER>
        <SUMMARY></SUMMARY>
        <VISIBLE>1</VISIBLE>
      </SECTION>
      <SECTION>
        <ID>68</ID>
        <NUMBER>5</NUMBER>
        <SUMMARY></SUMMARY>
        <VISIBLE>1</VISIBLE>
      </SECTION>
      <SECTION>
        <ID>69</ID>
        <NUMBER>6</NUMBER>
        <SUMMARY></SUMMARY>
        <VISIBLE>1</VISIBLE>
      </SECTION>
      <SECTION>
        <ID>70</ID>
        <NUMBER>7</NUMBER>
        <SUMMARY></SUMMARY>
        <VISIBLE>1</VISIBLE>
      </SECTION>
      <SECTION>
        <ID>71</ID>
        <NUMBER>8</NUMBER>
        <SUMMARY></SUMMARY>
        <VISIBLE>1</VISIBLE>
      </SECTION>
      <SECTION>
        <ID>72</ID>
        <NUMBER>9</NUMBER>
        <SUMMARY></SUMMARY>
        <VISIBLE>1</VISIBLE>
      </SECTION>
      <SECTION>
        <ID>73</ID>
        <NUMBER>10</NUMBER>
        <SUMMARY></SUMMARY>
        <VISIBLE>1</VISIBLE>
      </SECTION>
    </SECTIONS>
    <USERS>
      <USER>
        <ID>2</ID>
        <AUTH>manual</AUTH>
        <CONFIRMED>1</CONFIRMED>
        <POLICYAGREED>0</POLICYAGREED>
        <DELETED>0</DELETED>
        <USERNAME>admin</USERNAME>
        <PASSWORD>77dd63ea2cf28ef04e100640835a0dda</PASSWORD>
        <IDNUMBER></IDNUMBER>
        <FIRSTNAME>Admin</FIRSTNAME>
        <LASTNAME>User</LASTNAME>
        <EMAIL>no-reply@open.ac.uk</EMAIL>
        <EMAILSTOP>0</EMAILSTOP>
        <ICQ></ICQ>
        <SKYPE></SKYPE>
        <YAHOO></YAHOO>
        <AIM></AIM>
        <MSN></MSN>
        <PHONE1></PHONE1>
        <PHONE2></PHONE2>
        <INSTITUTION></INSTITUTION>
        <DEPARTMENT></DEPARTMENT>
        <ADDRESS></ADDRESS>
        <CITY>Milton Keynes</CITY>
        <COUNTRY>GB</COUNTRY>
        <LANG>en_utf8</LANG>
        <THEME></THEME>
        <TIMEZONE>99</TIMEZONE>
        <FIRSTACCESS>0</FIRSTACCESS>
        <LASTACCESS>1216195157</LASTACCESS>
        <LASTLOGIN>1215681988</LASTLOGIN>
        <CURRENTLOGIN>1216193094</CURRENTLOGIN>
        <LASTIP>127.0.0.1</LASTIP>
        <SECRET></SECRET>
        <PICTURE>0</PICTURE>
        <URL></URL>
        <DESCRIPTION></DESCRIPTION>
        <MAILFORMAT>1</MAILFORMAT>
        <MAILDIGEST>0</MAILDIGEST>
        <MAILDISPLAY>1</MAILDISPLAY>
        <HTMLEDITOR>1</HTMLEDITOR>
        <AJAX>1</AJAX>
        <AUTOSUBSCRIBE>1</AUTOSUBSCRIBE>
        <TRACKFORUMS>0</TRACKFORUMS>
        <TIMEMODIFIED>1211294344</TIMEMODIFIED>
        <ROLES>
          <ROLE>
            <TYPE>needed</TYPE>
          </ROLE>
        </ROLES>
        <USER_PREFERENCES>
          <USER_PREFERENCE>
            <NAME>auth_forcepasswordchange</NAME>
            <VALUE>0</VALUE>
          </USER_PREFERENCE>
          <USER_PREFERENCE>
            <NAME>email_bounce_count</NAME>
            <VALUE>1</VALUE>
          </USER_PREFERENCE>
          <USER_PREFERENCE>
            <NAME>email_send_count</NAME>
            <VALUE>1</VALUE>
          </USER_PREFERENCE>
        </USER_PREFERENCES>
        <ROLES_OVERRIDES>
        </ROLES_OVERRIDES>
        <ROLES_ASSIGNMENTS>
        </ROLES_ASSIGNMENTS>
      </USER>
    </USERS>
    <GRADEBOOK>
      <GRADE_CATEGORIES>
        <GRADE_CATEGORY>
          <ID>6</ID>
          <PARENT>$@NULL@$</PARENT>
          <FULLNAME>?</FULLNAME>
          <AGGREGATION>11</AGGREGATION>
          <KEEPHIGH>0</KEEPHIGH>
          <DROPLOW>0</DROPLOW>
          <AGGREGATEONLYGRADED>1</AGGREGATEONLYGRADED>
          <AGGREGATEOUTCOMES>0</AGGREGATEOUTCOMES>
          <AGGREGATESUBCATS>0</AGGREGATESUBCATS>
          <TIMECREATED>1216194729</TIMECREATED>
          <TIMEMODIFIED>1216194730</TIMEMODIFIED>
        </GRADE_CATEGORY>
      </GRADE_CATEGORIES>
      <GRADE_ITEMS>
        <GRADE_ITEM>
          <ID>8</ID>
          <CATEGORYID>$@NULL@$</CATEGORYID>
          <ITEMNAME>$@NULL@$</ITEMNAME>
          <ITEMTYPE>course</ITEMTYPE>
          <ITEMMODULE>$@NULL@$</ITEMMODULE>
          <ITEMINSTANCE>6</ITEMINSTANCE>
          <ITEMNUMBER>$@NULL@$</ITEMNUMBER>
          <ITEMINFO>$@NULL@$</ITEMINFO>
          <IDNUMBER>$@NULL@$</IDNUMBER>
          <CALCULATION>$@NULL@$</CALCULATION>
          <GRADETYPE>1</GRADETYPE>
          <GRADEMAX>100.00000</GRADEMAX>
          <GRADEMIN>0.00000</GRADEMIN>
          <SCALEID>$@NULL@$</SCALEID>
          <OUTCOMEID>$@NULL@$</OUTCOMEID>
          <GRADEPASS>0.00000</GRADEPASS>
          <MULTFACTOR>1.00000</MULTFACTOR>
          <PLUSFACTOR>0.00000</PLUSFACTOR>
          <AGGREGATIONCOEF>0.00000</AGGREGATIONCOEF>
          <DISPLAY>0</DISPLAY>
          <DECIMALS>$@NULL@$</DECIMALS>
          <HIDDEN>0</HIDDEN>
          <LOCKED>0</LOCKED>
          <LOCKTIME>0</LOCKTIME>
          <NEEDSUPDATE>0</NEEDSUPDATE>
          <TIMECREATED>1216194729</TIMECREATED>
          <TIMEMODIFIED>1216194729</TIMEMODIFIED>
        </GRADE_ITEM>
      </GRADE_ITEMS>
    </GRADEBOOK>
    <MODULES>
      <MOD>
        <GUID>b9be9385f8fbbc2f8d7c8e1c9e3f030f0f9c8377</GUID>
        <ID>7</ID>
        <MODTYPE>forum</MODTYPE>
        <TYPE>news</TYPE>
        <NAME>News forum</NAME>
        <INTRO>General news and announcements</INTRO>
        <ASSESSED>0</ASSESSED>
        <ASSESSTIMESTART>0</ASSESSTIMESTART>
        <ASSESSTIMEFINISH>0</ASSESSTIMEFINISH>
        <MAXBYTES>0</MAXBYTES>
        <SCALE>0</SCALE>
        <FORCESUBSCRIBE>1</FORCESUBSCRIBE>
        <TRACKINGTYPE>1</TRACKINGTYPE>
        <RSSTYPE>0</RSSTYPE>
        <RSSARTICLES>0</RSSARTICLES>
        <TIMEMODIFIED>1216194914</TIMEMODIFIED>
        <WARNAFTER>0</WARNAFTER>
        <BLOCKAFTER>0</BLOCKAFTER>
        <BLOCKPERIOD>0</BLOCKPERIOD>
      </MOD>
      <MOD>
        <ID>14</ID>
        <MODTYPE>label</MODTYPE>
        <NAME>label 20080716 08:58 </NAME>
        <CONTENT>label 20080716 08:58 </CONTENT>
        <TIMEMODIFIED>1216195129</TIMEMODIFIED>
      </MOD>
    </MODULES>
    <FORMATDATA>
    </FORMATDATA>
  </COURSE>
</MOODLE_BACKUP>
