<?xml version="1.0" encoding="UTF-8"?>
<!--This is a Reload version 2.0 SCORM 1.2 Content Package document-->
<!--Spawned from the Reload Content Package Generator - http://www.reload.ac.uk-->
<manifest xmlns="http://www.imsproject.org/xsd/imscp_rootv1p1p2" xmlns:imsmd="http://www.imsglobal.org/xsd/imsmd_v1p2" xmlns:xsi="http://www.w3.org/2001/XMLSchema-instance" xmlns:adlcp="http://www.adlnet.org/xsd/adlcp_rootv1p2" identifier="MANIFEST-C6C7DD5D-514B-3D71-5745-189C60FC849D" xsi:schemaLocation="http://www.imsproject.org/xsd/imscp_rootv1p1p2 imscp_rootv1p1p2.xsd http://www.imsglobal.org/xsd/imsmd_v1p2 imsmd_v1p2p2.xsd http://www.adlnet.org/xsd/adlcp_rootv1p2 adlcp_rootv1p2.xsd">
  <organizations default="ORG-BCF2E7AF-E4D3-CF36-0D15-A1042AE07CE8">
    <organization identifier="ORG-BCF2E7AF-E4D3-CF36-0D15-A1042AE07CE8" structure="hierarchical">
      <title>Item Demo</title>
      <item identifier="ITEM-B7BB9014-EB7A-8B86-93E9-1D0846C81EA6" isvisible="true" identifierref="RES-7C245F90-9AB8-D765-48C3-5A803EFF7F25">
        <title>Item Analysis</title>
      </item>
      <item identifier="ITEM-6FCA4084-0AAA-2901-115E-10A02FFFDFA3" isvisible="true" identifierref="RES-3CDEEE1B-528A-38F2-AA60-689AD7BE331B">
        <title>Simulation</title>
      </item>
      <item identifier="ITEM-298F12CC-E4B6-640F-C561-845F5E4B003D" isvisible="true" identifierref="RES-190E64E9-A3C3-A57E-DD7B-43FC70A8CF4C">
        <title>Further Resources</title>
      </item>
      <item identifier="ITEM-6D5FCB22-8AAA-7890-8DC4-BA6329149058" isvisible="true" identifierref="RES-901AE620-05F4-F85A-C00E-B4FAAB41F32C">
        <title>Test</title>
      </item>
    </organization>
  </organizations>
  <resources>
    <resource identifier="RES-7C245F90-9AB8-D765-48C3-5A803EFF7F25" type="webcontent" adlcp:scormtype="asset" href="introduction.html">
      <file href="introduction.html" />
      <file href="supp/style.css" />
    </resource>
    <resource identifier="RES-3CDEEE1B-528A-38F2-AA60-689AD7BE331B" type="webcontent" adlcp:scormtype="asset" href="item.html">
      <file href="item.html" />
      <file href="images/jspowered.gif" />
      <file href="Irt.jar" />
      <file href="item.jsm" />
      <file href="jscore.jar" />
      <file href="progress.jar" />
    </resource>
    <resource identifier="RES-190E64E9-A3C3-A57E-DD7B-43FC70A8CF4C" type="webcontent" adlcp:scormtype="asset" href="resources.html">
      <file href="resources.html" />
      <file href="supp/style.css" />
    </resource>
    <resource identifier="RES-901AE620-05F4-F85A-C00E-B4FAAB41F32C" type="webcontent" adlcp:scormtype="asset" href="test.html">
      <file href="test.html" />
      <file href="MultiChoice.swf" />
      <file href="MultiChoice.xml" />
    </resource>
  </resources>
</manifest>

