<?xml version="1.0" encoding="UTF-8"?>
<!DOCTYPE questestinterop SYSTEM  "ims_qtiasiv1p2.dtd">
<!--This question set was generated using the QTI Question Generator developed by LT Scotland. --> 
<!--This version v0p4. Released 2003/09/22 www.LTScotland.org.uk--> 
<!--Comments or suggestions for imporvement are welcomed but we cannot promise to implement any--> 
<!--Feedback should be sent to Gerard Graham, g.graham@LTScotland.org.uk--> 
<!--This resouces is released under the Creative Commons Attribution-NonCommercial-ShareAlike License--> 
<!--A copy of this license is available at http://creativecommons.org/licenses/by-nc-sa/1.0/--> 
<!--LT Scotland accepts no liability for any loss or damage incurred by using this resource.--> 
<questestinterop>
  <assessment  ident="AssessmentInfo" title="Item Response Theory">
    <objectives view="All">
      <material><mattext>To test the learners understanding of the lesson.</mattext></material>
    </objectives>
    <rubric view="All">
      <material><mattext>There are two questions to attempt.</mattext></material>
    </rubric>
    <section  ident="one">
      <item ident="LTSone4">
        <presentation label="one">
          <material><mattext>How do IRT 1 and IRT 3 differ</mattext></material>
          <response_lid ident="respone4" rcardinality="Single" rtiming="No">
            <render_choice shuffle="Yes">
              <response_label ident="one4_1">
                      <material><mattext>IRT 3 also considers discrimination and chance</mattext></material>
              </response_label>
              <response_label ident="one4_2">
                      <material><mattext>IRT 3 also considers chance and difficulty</mattext></material>
              </response_label>
              <response_label ident="one4_3">
                      <material><mattext>IRT 3 also discovers difficulty and discrimination.</mattext></material>
              </response_label>
              <response_label ident="one4_4">
                      <material><mattext>IRT 3 considers chance only.</mattext></material>
              </response_label>
            </render_choice>
          </response_lid>
        </presentation>
        <resprocessing>
          <outcomes>
            <decvar  vartype="Integer" minvalue="0" maxvalue="1" defaultval="0"/>
          </outcomes>
          <respcondition title="Correct">
            <conditionvar>
              <varequal respident="respone4">one4_1</varequal>
            </conditionvar>
            <setvar action="Set">1</setvar>
            <displayfeedback feedbacktype="Response" linkrefid="Correct"/>
          </respcondition>
          <respcondition title="Incorrect1">
            <conditionvar>
              <varequal respident="respone4">one4_2</varequal>
            </conditionvar>
            <setvar action="Set">0</setvar>
            <displayfeedback feedbacktype="Response" linkrefid="Incorrect1"/>
          </respcondition>
          <respcondition title="Incorrect2">
            <conditionvar>
              <varequal respident="respone4">one4_3</varequal>
            </conditionvar>
            <setvar action="Set">0</setvar>
            <displayfeedback feedbacktype="Response" linkrefid="Incorrect2"/>
          </respcondition>
          <respcondition title="Incorrect3">
            <conditionvar>
              <varequal respident="respone4">one4_4</varequal>
            </conditionvar>
            <setvar action="Set">0</setvar>
            <displayfeedback feedbacktype="Response" linkrefid="Incorrect3"/>
          </respcondition>
        </resprocessing>
        <itemfeedback ident="Correct">
          <material><mattext>Well done</mattext></material>
        </itemfeedback>
        <itemfeedback ident="Incorrect1">
          <material><mattext>No, IRT 3 also considers discrimination and chance, difficulty is covered by IRT 1</mattext></material>
        </itemfeedback>
        <itemfeedback ident="Incorrect2">
          <material><mattext>No, IRT 3 also considers discrimination and chance, difficulty is covered by IRT 1</mattext></material>
        </itemfeedback>
        <itemfeedback ident="Incorrect3">
          <material><mattext>No, IRT 3 also considers discrimination and chance, difficulty is covered by IRT 1</mattext></material>
        </itemfeedback>
      </item>
      <item ident="LTSone5">
        <presentation label="one">
          <material><mattext>What happens when an Item's difficulty is increased?</mattext></material>
          <response_lid ident="respone5" rcardinality="Single" rtiming="No">
            <render_choice shuffle="Yes">
              <response_label ident="one5_1">
                      <material><mattext>The curve shifts to the right</mattext></material>
              </response_label>
              <response_label ident="one5_2">
                      <material><mattext>The gradient of the curve ncreases.</mattext></material>
              </response_label>
              <response_label ident="one5_3">
                      <material><mattext>The gradient of the curve decreases.</mattext></material>
              </response_label>
              <response_label ident="one5_4">
                      <material><mattext>The baseline is raised.</mattext></material>
              </response_label>
            </render_choice>
          </response_lid>
        </presentation>
        <resprocessing>
          <outcomes>
            <decvar  vartype="Integer" minvalue="0" maxvalue="1" defaultval="0"/>
          </outcomes>
          <respcondition title="Correct">
            <conditionvar>
              <varequal respident="respone5">one5_1</varequal>
            </conditionvar>
            <setvar action="Set">1</setvar>
            <displayfeedback feedbacktype="Response" linkrefid="Correct"/>
          </respcondition>
          <respcondition title="Incorrect1">
            <conditionvar>
              <varequal respident="respone5">one5_2</varequal>
            </conditionvar>
            <setvar action="Set">0</setvar>
            <displayfeedback feedbacktype="Response" linkrefid="Incorrect1"/>
          </respcondition>
          <respcondition title="Incorrect2">
            <conditionvar>
              <varequal respident="respone5">one5_3</varequal>
            </conditionvar>
            <setvar action="Set">0</setvar>
            <displayfeedback feedbacktype="Response" linkrefid="Incorrect2"/>
          </respcondition>
          <respcondition title="Incorrect3">
            <conditionvar>
              <varequal respident="respone5">one5_4</varequal>
            </conditionvar>
            <setvar action="Set">0</setvar>
            <displayfeedback feedbacktype="Response" linkrefid="Incorrect3"/>
          </respcondition>
        </resprocessing>
        <itemfeedback ident="Correct">
          <material><mattext>Well done</mattext></material>
        </itemfeedback>
        <itemfeedback ident="Incorrect1">
          <material><mattext>No, an increased gradient is a result of better discrimination.</mattext></material>
        </itemfeedback>
        <itemfeedback ident="Incorrect2">
          <material><mattext>No, an decreased gradient is a result of poor discrimination.</mattext></material>
        </itemfeedback>
        <itemfeedback ident="Incorrect3">
          <material><mattext>No, a raised baseline indicates that the question was guessable - e.g. a multiple choice question with 4 answers.</mattext></material>
        </itemfeedback>
      </item>
    </section>
  </assessment>
</questestinterop>
