<?xml version="1.0" encoding="UTF-8"?>
<MOODLE_BACKUP>
  <INFO>
    <NAME>backup-srv103-20080522-1107.zip</NAME>
    <MOODLE_VERSION>2007101509</MOODLE_VERSION>
    <MOODLE_RELEASE>1.9 + (Build: 20080306)</MOODLE_RELEASE>
    <BACKUP_VERSION>2008041100</BACKUP_VERSION>
    <BACKUP_RELEASE>1.9</BACKUP_RELEASE>
    <DATE>1211450841</DATE>
    <ORIGINAL_WWWROOT>http://localhost/moodle-server</ORIGINAL_WWWROOT>
    <ZIP_METHOD>internal</ZIP_METHOD>
    <DETAILS>
      <MOD>
        <NAME>forum</NAME>
        <INCLUDED>true</INCLUDED>
        <USERINFO>true</USERINFO>
        <INSTANCES>
          <INSTANCE>
          <ID>3</ID>
          <NAME>News forum</NAME>
          <INCLUDED>true</INCLUDED>
          <USERINFO>true</USERINFO>
          </INSTANCE>
        </INSTANCES>
      </MOD>
      <MOD>
        <NAME>label</NAME>
        <INCLUDED>true</INCLUDED>
        <USERINFO>true</USERINFO>
        <INSTANCES>
          <INSTANCE>
          <ID>5</ID>
          <NAME>label 20080522 11:07 </NAME>
          <INCLUDED>true</INCLUDED>
          <USERINFO>true</USERINFO>
          </INSTANCE>
        </INSTANCES>
      </MOD>
      <MOD>
        <NAME>resource</NAME>
        <INCLUDED>true</INCLUDED>
        <USERINFO>true</USERINFO>
        <INSTANCES>
          <INSTANCE>
          <ID>2</ID>
          <NAME>web page 20080522 11:01</NAME>
          <INCLUDED>true</INCLUDED>
          <USERINFO>true</USERINFO>
          </INSTANCE>
          <INSTANCE>
          <ID>3</ID>
          <NAME>web page 20080522 11:05</NAME>
          <INCLUDED>true</INCLUDED>
          <USERINFO>true</USERINFO>
          </INSTANCE>
        </INSTANCES>
      </MOD>
      <METACOURSE>false</METACOURSE>
      <USERS>course</USERS>
      <LOGS>false</LOGS>
      <USERFILES>true</USERFILES>
      <COURSEFILES>true</COURSEFILES>
      <SITEFILES>true</SITEFILES>
      <MESSAGES>false</MESSAGES>
      <BLOCKFORMAT>instances</BLOCKFORMAT>
    </DETAILS>
  </INFO>
  <ROLES>
  </ROLES>
  <COURSE>
    <HEADER>
      <ID>4</ID>
      <CATEGORY>
        <ID>1</ID>
        <NAME>Miscellaneous</NAME>
      </CATEGORY>
      <PASSWORD></PASSWORD>
      <FULLNAME>Server 103</FULLNAME>
      <SHORTNAME>SRV103</SHORTNAME>
      <IDNUMBER></IDNUMBER>
      <SUMMARY> Write a concise and interesting paragraph here that explains what this course is about</SUMMARY>
      <FORMAT>weeks</FORMAT>
      <SHOWGRADES>1</SHOWGRADES>
      <NEWSITEMS>5</NEWSITEMS>
      <TEACHER>Teacher</TEACHER>
      <TEACHERS>Teachers</TEACHERS>
      <STUDENT>Student</STUDENT>
      <STUDENTS>Students</STUDENTS>
      <GUEST>0</GUEST>
      <STARTDATE>1211497200</STARTDATE>
      <NUMSECTIONS>10</NUMSECTIONS>
      <MAXBYTES>16777216</MAXBYTES>
      <SHOWREPORTS>0</SHOWREPORTS>
      <GROUPMODE>0</GROUPMODE>
      <GROUPMODEFORCE>0</GROUPMODEFORCE>
      <DEFAULTGROUPINGID>0</DEFAULTGROUPINGID>
      <LANG></LANG>
      <THEME></THEME>
      <COST></COST>
      <CURRENCY>USD</CURRENCY>
      <MARKER>0</MARKER>
      <VISIBLE>1</VISIBLE>
      <HIDDENSECTIONS>0</HIDDENSECTIONS>
      <TIMECREATED>1211450457</TIMECREATED>
      <TIMEMODIFIED>1211450457</TIMEMODIFIED>
      <METACOURSE>0</METACOURSE>
      <EXPIRENOTIFY>0</EXPIRENOTIFY>
      <NOTIFYSTUDENTS>0</NOTIFYSTUDENTS>
      <EXPIRYTHRESHOLD>864000</EXPIRYTHRESHOLD>
      <ENROLLABLE>1</ENROLLABLE>
      <ENROLSTARTDATE>0</ENROLSTARTDATE>
      <ENROLENDDATE>0</ENROLENDDATE>
      <ENROLPERIOD>0</ENROLPERIOD>
      <ROLES_OVERRIDES>
      </ROLES_OVERRIDES>
      <ROLES_ASSIGNMENTS>
      </ROLES_ASSIGNMENTS>
    </HEADER>
    <BLOCKS>
      <BLOCK>
        <ID>23</ID>
        <NAME>participants</NAME>
        <PAGEID>4</PAGEID>
        <PAGETYPE>course-view</PAGETYPE>
        <POSITION>l</POSITION>
        <WEIGHT>0</WEIGHT>
        <VISIBLE>1</VISIBLE>
        <CONFIGDATA>YjowOw==</CONFIGDATA>
        <ROLES_OVERRIDES>
        </ROLES_OVERRIDES>
        <ROLES_ASSIGNMENTS>
        </ROLES_ASSIGNMENTS>
      </BLOCK>
      <BLOCK>
        <ID>24</ID>
        <NAME>activity_modules</NAME>
        <PAGEID>4</PAGEID>
        <PAGETYPE>course-view</PAGETYPE>
        <POSITION>l</POSITION>
        <WEIGHT>1</WEIGHT>
        <VISIBLE>1</VISIBLE>
        <CONFIGDATA>YjowOw==</CONFIGDATA>
        <ROLES_OVERRIDES>
        </ROLES_OVERRIDES>
        <ROLES_ASSIGNMENTS>
        </ROLES_ASSIGNMENTS>
      </BLOCK>
      <BLOCK>
        <ID>25</ID>
        <NAME>search_forums</NAME>
        <PAGEID>4</PAGEID>
        <PAGETYPE>course-view</PAGETYPE>
        <POSITION>l</POSITION>
        <WEIGHT>2</WEIGHT>
        <VISIBLE>1</VISIBLE>
        <CONFIGDATA>YjowOw==</CONFIGDATA>
        <ROLES_OVERRIDES>
        </ROLES_OVERRIDES>
        <ROLES_ASSIGNMENTS>
        </ROLES_ASSIGNMENTS>
      </BLOCK>
      <BLOCK>
        <ID>26</ID>
        <NAME>admin</NAME>
        <PAGEID>4</PAGEID>
        <PAGETYPE>course-view</PAGETYPE>
        <POSITION>l</POSITION>
        <WEIGHT>3</WEIGHT>
        <VISIBLE>1</VISIBLE>
        <CONFIGDATA>YjowOw==</CONFIGDATA>
        <ROLES_OVERRIDES>
        </ROLES_OVERRIDES>
        <ROLES_ASSIGNMENTS>
        </ROLES_ASSIGNMENTS>
      </BLOCK>
      <BLOCK>
        <ID>27</ID>
        <NAME>course_list</NAME>
        <PAGEID>4</PAGEID>
        <PAGETYPE>course-view</PAGETYPE>
        <POSITION>l</POSITION>
        <WEIGHT>4</WEIGHT>
        <VISIBLE>1</VISIBLE>
        <CONFIGDATA>YjowOw==</CONFIGDATA>
        <ROLES_OVERRIDES>
        </ROLES_OVERRIDES>
        <ROLES_ASSIGNMENTS>
        </ROLES_ASSIGNMENTS>
      </BLOCK>
      <BLOCK>
        <ID>28</ID>
        <NAME>news_items</NAME>
        <PAGEID>4</PAGEID>
        <PAGETYPE>course-view</PAGETYPE>
        <POSITION>r</POSITION>
        <WEIGHT>0</WEIGHT>
        <VISIBLE>1</VISIBLE>
        <CONFIGDATA>YjowOw==</CONFIGDATA>
        <ROLES_OVERRIDES>
        </ROLES_OVERRIDES>
        <ROLES_ASSIGNMENTS>
        </ROLES_ASSIGNMENTS>
      </BLOCK>
      <BLOCK>
        <ID>29</ID>
        <NAME>calendar_upcoming</NAME>
        <PAGEID>4</PAGEID>
        <PAGETYPE>course-view</PAGETYPE>
        <POSITION>r</POSITION>
        <WEIGHT>1</WEIGHT>
        <VISIBLE>1</VISIBLE>
        <CONFIGDATA>YjowOw==</CONFIGDATA>
        <ROLES_OVERRIDES>
        </ROLES_OVERRIDES>
        <ROLES_ASSIGNMENTS>
        </ROLES_ASSIGNMENTS>
      </BLOCK>
      <BLOCK>
        <ID>30</ID>
        <NAME>recent_activity</NAME>
        <PAGEID>4</PAGEID>
        <PAGETYPE>course-view</PAGETYPE>
        <POSITION>r</POSITION>
        <WEIGHT>2</WEIGHT>
        <VISIBLE>1</VISIBLE>
        <CONFIGDATA>YjowOw==</CONFIGDATA>
        <ROLES_OVERRIDES>
        </ROLES_OVERRIDES>
        <ROLES_ASSIGNMENTS>
        </ROLES_ASSIGNMENTS>
      </BLOCK>
    </BLOCKS>
    <SECTIONS>
      <SECTION>
        <ID>24</ID>
        <NUMBER>0</NUMBER>
        <SUMMARY>$@NULL@$</SUMMARY>
        <VISIBLE>1</VISIBLE>
        <MODS>
          <MOD>
            <GUID>56b2b7ea9828328cdb8d41553f41a1a9ed81f2dc</GUID>
            <ID>8</ID>
            <TYPE>forum</TYPE>
            <INSTANCE>3</INSTANCE>
            <ADDED>1211450466</ADDED>
            <SCORE>0</SCORE>
            <INDENT>0</INDENT>
            <VISIBLE>1</VISIBLE>
            <GROUPMODE>0</GROUPMODE>
            <GROUPINGID>0</GROUPINGID>
            <GROUPMEMBERSONLY>0</GROUPMEMBERSONLY>
            <ROLES_OVERRIDES>
            </ROLES_OVERRIDES>
            <ROLES_ASSIGNMENTS>
            </ROLES_ASSIGNMENTS>
          </MOD>
          <MOD>
            <GUID>219fb1a2b90ef877b7d72129be61544979983257</GUID>
            <ID>9</ID>
            <TYPE>resource</TYPE>
            <INSTANCE>2</INSTANCE>
            <ADDED>1211450499</ADDED>
            <SCORE>0</SCORE>
            <INDENT>0</INDENT>
            <VISIBLE>1</VISIBLE>
            <GROUPMODE>0</GROUPMODE>
            <GROUPINGID>0</GROUPINGID>
            <GROUPMEMBERSONLY>0</GROUPMEMBERSONLY>
            <ROLES_OVERRIDES>
            </ROLES_OVERRIDES>
            <ROLES_ASSIGNMENTS>
            </ROLES_ASSIGNMENTS>
          </MOD>
        </MODS>
      </SECTION>
      <SECTION>
        <ID>25</ID>
        <NUMBER>1</NUMBER>
        <SUMMARY></SUMMARY>
        <VISIBLE>1</VISIBLE>
        <MODS>
          <MOD>
            <GUID>0ec5a308ff2f904d716b57678dba81457ccef287</GUID>
            <ID>10</ID>
            <TYPE>resource</TYPE>
            <INSTANCE>3</INSTANCE>
            <ADDED>1211450714</ADDED>
            <SCORE>0</SCORE>
            <INDENT>0</INDENT>
            <VISIBLE>1</VISIBLE>
            <GROUPMODE>0</GROUPMODE>
            <GROUPINGID>0</GROUPINGID>
            <GROUPMEMBERSONLY>0</GROUPMEMBERSONLY>
            <ROLES_OVERRIDES>
            </ROLES_OVERRIDES>
            <ROLES_ASSIGNMENTS>
            </ROLES_ASSIGNMENTS>
          </MOD>
        </MODS>
      </SECTION>
      <SECTION>
        <ID>26</ID>
        <NUMBER>2</NUMBER>
        <SUMMARY></SUMMARY>
        <VISIBLE>1</VISIBLE>
        <MODS>
          <MOD>
            <GUID>700ece4375005d5e0e32780b9d22e0ed607b2274</GUID>
            <ID>11</ID>
            <TYPE>label</TYPE>
            <INSTANCE>5</INSTANCE>
            <ADDED>1211450830</ADDED>
            <SCORE>0</SCORE>
            <INDENT>0</INDENT>
            <VISIBLE>1</VISIBLE>
            <GROUPMODE>0</GROUPMODE>
            <GROUPINGID>0</GROUPINGID>
            <GROUPMEMBERSONLY>0</GROUPMEMBERSONLY>
            <ROLES_OVERRIDES>
            </ROLES_OVERRIDES>
            <ROLES_ASSIGNMENTS>
            </ROLES_ASSIGNMENTS>
          </MOD>
        </MODS>
      </SECTION>
      <SECTION>
        <ID>27</ID>
        <NUMBER>3</NUMBER>
        <SUMMARY></SUMMARY>
        <VISIBLE>1</VISIBLE>
      </SECTION>
      <SECTION>
        <ID>28</ID>
        <NUMBER>4</NUMBER>
        <SUMMARY></SUMMARY>
        <VISIBLE>1</VISIBLE>
      </SECTION>
      <SECTION>
        <ID>29</ID>
        <NUMBER>5</NUMBER>
        <SUMMARY></SUMMARY>
        <VISIBLE>1</VISIBLE>
      </SECTION>
      <SECTION>
        <ID>30</ID>
        <NUMBER>6</NUMBER>
        <SUMMARY></SUMMARY>
        <VISIBLE>1</VISIBLE>
      </SECTION>
      <SECTION>
        <ID>31</ID>
        <NUMBER>7</NUMBER>
        <SUMMARY></SUMMARY>
        <VISIBLE>1</VISIBLE>
      </SECTION>
      <SECTION>
        <ID>32</ID>
        <NUMBER>8</NUMBER>
        <SUMMARY></SUMMARY>
        <VISIBLE>1</VISIBLE>
      </SECTION>
      <SECTION>
        <ID>33</ID>
        <NUMBER>9</NUMBER>
        <SUMMARY></SUMMARY>
        <VISIBLE>1</VISIBLE>
      </SECTION>
      <SECTION>
        <ID>34</ID>
        <NUMBER>10</NUMBER>
        <SUMMARY></SUMMARY>
        <VISIBLE>1</VISIBLE>
      </SECTION>
    </SECTIONS>
    <USERS>
      <USER>
        <ID>2</ID>
        <AUTH>manual</AUTH>
        <CONFIRMED>1</CONFIRMED>
        <POLICYAGREED>0</POLICYAGREED>
        <DELETED>0</DELETED>
        <USERNAME>admin</USERNAME>
        <PASSWORD>77dd63ea2cf28ef04e100640835a0dda</PASSWORD>
        <IDNUMBER></IDNUMBER>
        <FIRSTNAME>Admin</FIRSTNAME>
        <LASTNAME>User</LASTNAME>
        <EMAIL>no-reply@open.ac.uk</EMAIL>
        <EMAILSTOP>0</EMAILSTOP>
        <ICQ></ICQ>
        <SKYPE></SKYPE>
        <YAHOO></YAHOO>
        <AIM></AIM>
        <MSN></MSN>
        <PHONE1></PHONE1>
        <PHONE2></PHONE2>
        <INSTITUTION></INSTITUTION>
        <DEPARTMENT></DEPARTMENT>
        <ADDRESS></ADDRESS>
        <CITY>Milton Keynes</CITY>
        <COUNTRY>GB</COUNTRY>
        <LANG>en_utf8</LANG>
        <THEME></THEME>
        <TIMEZONE>99</TIMEZONE>
        <FIRSTACCESS>0</FIRSTACCESS>
        <LASTACCESS>1211450812</LASTACCESS>
        <LASTLOGIN>1211299128</LASTLOGIN>
        <CURRENTLOGIN>1211381348</CURRENTLOGIN>
        <LASTIP>127.0.0.1</LASTIP>
        <SECRET></SECRET>
        <PICTURE>0</PICTURE>
        <URL></URL>
        <DESCRIPTION></DESCRIPTION>
        <MAILFORMAT>1</MAILFORMAT>
        <MAILDIGEST>0</MAILDIGEST>
        <MAILDISPLAY>1</MAILDISPLAY>
        <HTMLEDITOR>1</HTMLEDITOR>
        <AJAX>1</AJAX>
        <AUTOSUBSCRIBE>1</AUTOSUBSCRIBE>
        <TRACKFORUMS>0</TRACKFORUMS>
        <TIMEMODIFIED>1211294344</TIMEMODIFIED>
        <ROLES>
          <ROLE>
            <TYPE>needed</TYPE>
          </ROLE>
        </ROLES>
        <USER_PREFERENCES>
          <USER_PREFERENCE>
            <NAME>auth_forcepasswordchange</NAME>
            <VALUE>0</VALUE>
          </USER_PREFERENCE>
          <USER_PREFERENCE>
            <NAME>email_bounce_count</NAME>
            <VALUE>1</VALUE>
          </USER_PREFERENCE>
          <USER_PREFERENCE>
            <NAME>email_send_count</NAME>
            <VALUE>1</VALUE>
          </USER_PREFERENCE>
        </USER_PREFERENCES>
        <ROLES_OVERRIDES>
        </ROLES_OVERRIDES>
        <ROLES_ASSIGNMENTS>
        </ROLES_ASSIGNMENTS>
      </USER>
    </USERS>
    <GRADEBOOK>
      <GRADE_ITEMS>
        <GRADE_ITEM>
          <ID>3</ID>
          <CATEGORYID>$@NULL@$</CATEGORYID>
          <ITEMNAME>$@NULL@$</ITEMNAME>
          <ITEMTYPE>course</ITEMTYPE>
          <ITEMMODULE>$@NULL@$</ITEMMODULE>
          <ITEMINSTANCE>3</ITEMINSTANCE>
          <ITEMNUMBER>$@NULL@$</ITEMNUMBER>
          <ITEMINFO>$@NULL@$</ITEMINFO>
          <IDNUMBER>$@NULL@$</IDNUMBER>
          <CALCULATION>$@NULL@$</CALCULATION>
          <GRADETYPE>1</GRADETYPE>
          <GRADEMAX>100.00000</GRADEMAX>
          <GRADEMIN>0.00000</GRADEMIN>
          <SCALEID>$@NULL@$</SCALEID>
          <OUTCOMEID>$@NULL@$</OUTCOMEID>
          <GRADEPASS>0.00000</GRADEPASS>
          <MULTFACTOR>1.00000</MULTFACTOR>
          <PLUSFACTOR>0.00000</PLUSFACTOR>
          <AGGREGATIONCOEF>0.00000</AGGREGATIONCOEF>
          <DISPLAY>0</DISPLAY>
          <DECIMALS>$@NULL@$</DECIMALS>
          <HIDDEN>0</HIDDEN>
          <LOCKED>0</LOCKED>
          <LOCKTIME>0</LOCKTIME>
          <NEEDSUPDATE>0</NEEDSUPDATE>
          <TIMECREATED>1211450500</TIMECREATED>
          <TIMEMODIFIED>1211450500</TIMEMODIFIED>
        </GRADE_ITEM>
      </GRADE_ITEMS>
    </GRADEBOOK>
    <MODULES>
      <MOD>
        <GUID>56b2b7ea9828328cdb8d41553f41a1a9ed81f2dc</GUID>
        <ID>3</ID>
        <MODTYPE>forum</MODTYPE>
        <TYPE>news</TYPE>
        <NAME>News forum</NAME>
        <INTRO>General news and announcements</INTRO>
        <ASSESSED>0</ASSESSED>
        <ASSESSTIMESTART>0</ASSESSTIMESTART>
        <ASSESSTIMEFINISH>0</ASSESSTIMEFINISH>
        <MAXBYTES>0</MAXBYTES>
        <SCALE>0</SCALE>
        <FORCESUBSCRIBE>1</FORCESUBSCRIBE>
        <TRACKINGTYPE>1</TRACKINGTYPE>
        <RSSTYPE>0</RSSTYPE>
        <RSSARTICLES>0</RSSARTICLES>
        <TIMEMODIFIED>1211450466</TIMEMODIFIED>
        <WARNAFTER>0</WARNAFTER>
        <BLOCKAFTER>0</BLOCKAFTER>
        <BLOCKPERIOD>0</BLOCKPERIOD>
      </MOD>
      <MOD>
        <ID>5</ID>
        <MODTYPE>label</MODTYPE>
        <NAME>label 20080522 11:07 </NAME>
        <CONTENT>label 20080522 11:07 </CONTENT>
        <TIMEMODIFIED>1211450830</TIMEMODIFIED>
      </MOD>
      <MOD>
        <ID>2</ID>
        <MODTYPE>resource</MODTYPE>
        <NAME>web page 20080522 11:01</NAME>
        <TYPE>html</TYPE>
        <REFERENCE></REFERENCE>
        <SUMMARY>adasd </SUMMARY>
        <ALLTEXT>asdad </ALLTEXT>
        <POPUP></POPUP>
        <OPTIONS></OPTIONS>
        <TIMEMODIFIED>1211450499</TIMEMODIFIED>
      </MOD>
      <MOD>
        <ID>3</ID>
        <MODTYPE>resource</MODTYPE>
        <NAME>web page 20080522 11:05</NAME>
        <TYPE>html</TYPE>
        <REFERENCE></REFERENCE>
        <SUMMARY>sdfds </SUMMARY>
        <ALLTEXT>sdfdsf </ALLTEXT>
        <POPUP></POPUP>
        <OPTIONS></OPTIONS>
        <TIMEMODIFIED>1211450714</TIMEMODIFIED>
      </MOD>
    </MODULES>
    <FORMATDATA>
    </FORMATDATA>
  </COURSE>
</MOODLE_BACKUP>
