<?xml version="1.0" encoding="UTF-8"?>
<MOODLE_BACKUP>
  <INFO>
    <NAME>backup-seti_ehvm-20120624-2306.zip</NAME>
    <MOODLE_VERSION>2007101520</MOODLE_VERSION>
    <MOODLE_RELEASE>1.9.2+ (Build: 20080718)</MOODLE_RELEASE>
    <BACKUP_VERSION>2008041100</BACKUP_VERSION>
    <BACKUP_RELEASE>1.9</BACKUP_RELEASE>
    <DATE>1340575573</DATE>
    <ORIGINAL_WWWROOT>http://localhost:4001/moodle</ORIGINAL_WWWROOT>
    <ZIP_METHOD>internal</ZIP_METHOD>
    <DETAILS>
      <METACOURSE>false</METACOURSE>
      <USERS>all</USERS>
      <LOGS>false</LOGS>
      <USERFILES>false</USERFILES>
      <COURSEFILES>false</COURSEFILES>
      <SITEFILES>false</SITEFILES>
      <GRADEBOOKHISTORIES>true</GRADEBOOKHISTORIES>
      <MESSAGES>false</MESSAGES>
      <BLOGS>false</BLOGS>
      <BLOCKFORMAT>instances</BLOCKFORMAT>
    </DETAILS>
  </INFO>
  <ROLES>
  </ROLES>
  <COURSE>
    <HEADER>
      <ID>59</ID>
      <CATEGORY>
        <ID>1</ID>
        <NAME>Miscellaneous</NAME>
      </CATEGORY>
      <PASSWORD></PASSWORD>
      <FULLNAME>Сети ЭВМ и Телекоммуникации</FULLNAME>
      <SHORTNAME>Сети ЭВМ</SHORTNAME>
      <IDNUMBER></IDNUMBER>
      <SUMMARY></SUMMARY>
      <FORMAT>topics</FORMAT>
      <SHOWGRADES>1</SHOWGRADES>
      <NEWSITEMS>5</NEWSITEMS>
      <TEACHER>Teacher</TEACHER>
      <TEACHERS>Teachers</TEACHERS>
      <STUDENT>Student</STUDENT>
      <STUDENTS>Students</STUDENTS>
      <GUEST>0</GUEST>
      <STARTDATE>1343084400</STARTDATE>
      <NUMSECTIONS>10</NUMSECTIONS>
      <MAXBYTES>8388608</MAXBYTES>
      <SHOWREPORTS>0</SHOWREPORTS>
      <GROUPMODE>0</GROUPMODE>
      <GROUPMODEFORCE>0</GROUPMODEFORCE>
      <DEFAULTGROUPINGID>0</DEFAULTGROUPINGID>
      <LANG></LANG>
      <THEME></THEME>
      <COST></COST>
      <CURRENCY>USD</CURRENCY>
      <MARKER>0</MARKER>
      <VISIBLE>1</VISIBLE>
      <HIDDENSECTIONS>0</HIDDENSECTIONS>
      <TIMECREATED>1216915239</TIMECREATED>
      <TIMEMODIFIED>1340269205</TIMEMODIFIED>
      <METACOURSE>0</METACOURSE>
      <EXPIRENOTIFY>0</EXPIRENOTIFY>
      <NOTIFYSTUDENTS>0</NOTIFYSTUDENTS>
      <EXPIRYTHRESHOLD>864000</EXPIRYTHRESHOLD>
      <ENROLLABLE>1</ENROLLABLE>
      <ENROLSTARTDATE>0</ENROLSTARTDATE>
      <ENROLENDDATE>0</ENROLENDDATE>
      <ENROLPERIOD>0</ENROLPERIOD>
      <ROLES_OVERRIDES>
      </ROLES_OVERRIDES>
      <ROLES_ASSIGNMENTS>
      </ROLES_ASSIGNMENTS>
    </HEADER>
    <BLOCKS>
      <BLOCK>
        <ID>668</ID>
        <NAME>participants</NAME>
        <PAGEID>59</PAGEID>
        <PAGETYPE>course-view</PAGETYPE>
        <POSITION>l</POSITION>
        <WEIGHT>0</WEIGHT>
        <VISIBLE>1</VISIBLE>
        <CONFIGDATA>Tjs=</CONFIGDATA>
        <ROLES_OVERRIDES>
        </ROLES_OVERRIDES>
        <ROLES_ASSIGNMENTS>
        </ROLES_ASSIGNMENTS>
      </BLOCK>
      <BLOCK>
        <ID>669</ID>
        <NAME>activity_modules</NAME>
        <PAGEID>59</PAGEID>
        <PAGETYPE>course-view</PAGETYPE>
        <POSITION>l</POSITION>
        <WEIGHT>1</WEIGHT>
        <VISIBLE>1</VISIBLE>
        <CONFIGDATA>Tjs=</CONFIGDATA>
        <ROLES_OVERRIDES>
        </ROLES_OVERRIDES>
        <ROLES_ASSIGNMENTS>
        </ROLES_ASSIGNMENTS>
      </BLOCK>
      <BLOCK>
        <ID>670</ID>
        <NAME>search_forums</NAME>
        <PAGEID>59</PAGEID>
        <PAGETYPE>course-view</PAGETYPE>
        <POSITION>l</POSITION>
        <WEIGHT>2</WEIGHT>
        <VISIBLE>1</VISIBLE>
        <CONFIGDATA>Tjs=</CONFIGDATA>
        <ROLES_OVERRIDES>
        </ROLES_OVERRIDES>
        <ROLES_ASSIGNMENTS>
        </ROLES_ASSIGNMENTS>
      </BLOCK>
      <BLOCK>
        <ID>671</ID>
        <NAME>admin</NAME>
        <PAGEID>59</PAGEID>
        <PAGETYPE>course-view</PAGETYPE>
        <POSITION>l</POSITION>
        <WEIGHT>3</WEIGHT>
        <VISIBLE>1</VISIBLE>
        <CONFIGDATA>Tjs=</CONFIGDATA>
        <ROLES_OVERRIDES>
        </ROLES_OVERRIDES>
        <ROLES_ASSIGNMENTS>
        </ROLES_ASSIGNMENTS>
      </BLOCK>
      <BLOCK>
        <ID>672</ID>
        <NAME>course_list</NAME>
        <PAGEID>59</PAGEID>
        <PAGETYPE>course-view</PAGETYPE>
        <POSITION>l</POSITION>
        <WEIGHT>4</WEIGHT>
        <VISIBLE>1</VISIBLE>
        <CONFIGDATA>Tjs=</CONFIGDATA>
        <ROLES_OVERRIDES>
        </ROLES_OVERRIDES>
        <ROLES_ASSIGNMENTS>
        </ROLES_ASSIGNMENTS>
      </BLOCK>
      <BLOCK>
        <ID>673</ID>
        <NAME>news_items</NAME>
        <PAGEID>59</PAGEID>
        <PAGETYPE>course-view</PAGETYPE>
        <POSITION>r</POSITION>
        <WEIGHT>0</WEIGHT>
        <VISIBLE>1</VISIBLE>
        <CONFIGDATA>Tjs=</CONFIGDATA>
        <ROLES_OVERRIDES>
        </ROLES_OVERRIDES>
        <ROLES_ASSIGNMENTS>
        </ROLES_ASSIGNMENTS>
      </BLOCK>
      <BLOCK>
        <ID>674</ID>
        <NAME>calendar_upcoming</NAME>
        <PAGEID>59</PAGEID>
        <PAGETYPE>course-view</PAGETYPE>
        <POSITION>r</POSITION>
        <WEIGHT>1</WEIGHT>
        <VISIBLE>1</VISIBLE>
        <CONFIGDATA>Tjs=</CONFIGDATA>
        <ROLES_OVERRIDES>
        </ROLES_OVERRIDES>
        <ROLES_ASSIGNMENTS>
        </ROLES_ASSIGNMENTS>
      </BLOCK>
      <BLOCK>
        <ID>675</ID>
        <NAME>recent_activity</NAME>
        <PAGEID>59</PAGEID>
        <PAGETYPE>course-view</PAGETYPE>
        <POSITION>r</POSITION>
        <WEIGHT>2</WEIGHT>
        <VISIBLE>1</VISIBLE>
        <CONFIGDATA>Tjs=</CONFIGDATA>
        <ROLES_OVERRIDES>
        </ROLES_OVERRIDES>
        <ROLES_ASSIGNMENTS>
        </ROLES_ASSIGNMENTS>
      </BLOCK>
      <BLOCK>
        <ID>676</ID>
        <NAME>incrementalclient</NAME>
        <PAGEID>59</PAGEID>
        <PAGETYPE>course-view</PAGETYPE>
        <POSITION>r</POSITION>
        <WEIGHT>3</WEIGHT>
        <VISIBLE>1</VISIBLE>
        <CONFIGDATA>Tjs=</CONFIGDATA>
        <ROLES_OVERRIDES>
        </ROLES_OVERRIDES>
        <ROLES_ASSIGNMENTS>
        </ROLES_ASSIGNMENTS>
      </BLOCK>
    </BLOCKS>
    <SECTIONS>
      <SECTION>
        <ID>708</ID>
        <NUMBER>0</NUMBER>
        <SUMMARY>Введение</SUMMARY>
        <VISIBLE>1</VISIBLE>
      </SECTION>
      <SECTION>
        <ID>709</ID>
        <NUMBER>1</NUMBER>
        <SUMMARY>Общие принципы построения вычислительных сетей</SUMMARY>
        <VISIBLE>1</VISIBLE>
      </SECTION>
      <SECTION>
        <ID>710</ID>
        <NUMBER>2</NUMBER>
        <SUMMARY>Основы передачи дискретных данных</SUMMARY>
        <VISIBLE>1</VISIBLE>
      </SECTION>
      <SECTION>
        <ID>711</ID>
        <NUMBER>3</NUMBER>
        <SUMMARY>Физический и канальный уровни организации информационно-вычислительных сетей</SUMMARY>
        <VISIBLE>1</VISIBLE>
      </SECTION>
      <SECTION>
        <ID>712</ID>
        <NUMBER>4</NUMBER>
        <SUMMARY>Базовые технологии локальных сетей</SUMMARY>
        <VISIBLE>1</VISIBLE>
      </SECTION>
      <SECTION>
        <ID>713</ID>
        <NUMBER>5</NUMBER>
        <SUMMARY>Построение локальных сетей по стандартам физического и канального уровней</SUMMARY>
        <VISIBLE>1</VISIBLE>
      </SECTION>
      <SECTION>
        <ID>714</ID>
        <NUMBER>6</NUMBER>
        <SUMMARY>Сетевой уровень как средство построения больших сетей</SUMMARY>
        <VISIBLE>1</VISIBLE>
      </SECTION>
      <SECTION>
        <ID>715</ID>
        <NUMBER>7</NUMBER>
        <SUMMARY>Глобальные информационно-вычислительные сети</SUMMARY>
        <VISIBLE>1</VISIBLE>
      </SECTION>
      <SECTION>
        <ID>716</ID>
        <NUMBER>8</NUMBER>
        <SUMMARY>Средства анализа и управления сетями</SUMMARY>
        <VISIBLE>1</VISIBLE>
      </SECTION>
      <SECTION>
        <ID>717</ID>
        <NUMBER>9</NUMBER>
        <SUMMARY>Лабораторные работы</SUMMARY>
        <VISIBLE>1</VISIBLE>
      </SECTION>
      <SECTION>
        <ID>718</ID>
        <NUMBER>10</NUMBER>
        <SUMMARY></SUMMARY>
        <VISIBLE>1</VISIBLE>
      </SECTION>
    </SECTIONS>
    <USERS>
      <USER>
        <ID>1</ID>
        <AUTH>manual</AUTH>
        <CONFIRMED>1</CONFIRMED>
        <POLICYAGREED>0</POLICYAGREED>
        <DELETED>1</DELETED>
        <USERNAME>.1340217172</USERNAME>
        <PASSWORD>084e0343a0486ff05530df6c705c8bb4</PASSWORD>
        <IDNUMBER></IDNUMBER>
        <FIRSTNAME>Guest User</FIRSTNAME>
        <LASTNAME> </LASTNAME>
        <EMAIL></EMAIL>
        <EMAILSTOP>0</EMAILSTOP>
        <ICQ></ICQ>
        <SKYPE></SKYPE>
        <YAHOO></YAHOO>
        <AIM></AIM>
        <MSN></MSN>
        <PHONE1></PHONE1>
        <PHONE2></PHONE2>
        <INSTITUTION></INSTITUTION>
        <DEPARTMENT></DEPARTMENT>
        <ADDRESS></ADDRESS>
        <CITY></CITY>
        <COUNTRY></COUNTRY>
        <LANG>en_utf8</LANG>
        <THEME></THEME>
        <TIMEZONE>99</TIMEZONE>
        <FIRSTACCESS>0</FIRSTACCESS>
        <LASTACCESS>1340125128</LASTACCESS>
        <LASTLOGIN>0</LASTLOGIN>
        <CURRENTLOGIN>1340124725</CURRENTLOGIN>
        <LASTIP>127.0.0.1</LASTIP>
        <SECRET></SECRET>
        <PICTURE>0</PICTURE>
        <URL></URL>
        <DESCRIPTION>This user is a special user that allows read-only access to some courses.</DESCRIPTION>
        <MAILFORMAT>1</MAILFORMAT>
        <MAILDIGEST>0</MAILDIGEST>
        <MAILDISPLAY>2</MAILDISPLAY>
        <HTMLEDITOR>1</HTMLEDITOR>
        <AJAX>1</AJAX>
        <AUTOSUBSCRIBE>1</AUTOSUBSCRIBE>
        <TRACKFORUMS>0</TRACKFORUMS>
        <TIMEMODIFIED>1340217172</TIMEMODIFIED>
        <ROLES>
        </ROLES>
        <ROLES_OVERRIDES>
        </ROLES_OVERRIDES>
        <ROLES_ASSIGNMENTS>
        </ROLES_ASSIGNMENTS>
      </USER>
      <USER>
        <ID>2</ID>
        <AUTH>manual</AUTH>
        <CONFIRMED>1</CONFIRMED>
        <POLICYAGREED>0</POLICYAGREED>
        <DELETED>0</DELETED>
        <USERNAME>admin</USERNAME>
        <PASSWORD>77dd63ea2cf28ef04e100640835a0dda</PASSWORD>
        <IDNUMBER></IDNUMBER>
        <FIRSTNAME>Admin</FIRSTNAME>
        <LASTNAME>User</LASTNAME>
        <EMAIL>testofflinemoodle@open.ac.uk</EMAIL>
        <EMAILSTOP>0</EMAILSTOP>
        <ICQ></ICQ>
        <SKYPE></SKYPE>
        <YAHOO></YAHOO>
        <AIM></AIM>
        <MSN></MSN>
        <PHONE1></PHONE1>
        <PHONE2></PHONE2>
        <INSTITUTION></INSTITUTION>
        <DEPARTMENT></DEPARTMENT>
        <ADDRESS></ADDRESS>
        <CITY>Milton Keynes</CITY>
        <COUNTRY>GB</COUNTRY>
        <LANG>en_utf8</LANG>
        <THEME></THEME>
        <TIMEZONE>99</TIMEZONE>
        <FIRSTACCESS>0</FIRSTACCESS>
        <LASTACCESS>1340575519</LASTACCESS>
        <LASTLOGIN>1340213648</LASTLOGIN>
        <CURRENTLOGIN>1340224435</CURRENTLOGIN>
        <LASTIP></LASTIP>
        <SECRET></SECRET>
        <PICTURE>0</PICTURE>
        <URL></URL>
        <DESCRIPTION></DESCRIPTION>
        <MAILFORMAT>1</MAILFORMAT>
        <MAILDIGEST>0</MAILDIGEST>
        <MAILDISPLAY>0</MAILDISPLAY>
        <HTMLEDITOR>1</HTMLEDITOR>
        <AJAX>1</AJAX>
        <AUTOSUBSCRIBE>1</AUTOSUBSCRIBE>
        <TRACKFORUMS>0</TRACKFORUMS>
        <TIMEMODIFIED>1206030946</TIMEMODIFIED>
        <ROLES>
        </ROLES>
        <USER_PREFERENCES>
          <USER_PREFERENCE>
            <NAME>auth_forcepasswordchange</NAME>
            <VALUE>0</VALUE>
          </USER_PREFERENCE>
          <USER_PREFERENCE>
            <NAME>email_bounce_count</NAME>
            <VALUE>1</VALUE>
          </USER_PREFERENCE>
          <USER_PREFERENCE>
            <NAME>email_send_count</NAME>
            <VALUE>1</VALUE>
          </USER_PREFERENCE>
        </USER_PREFERENCES>
        <ROLES_OVERRIDES>
        </ROLES_OVERRIDES>
        <ROLES_ASSIGNMENTS>
        </ROLES_ASSIGNMENTS>
      </USER>
      <USER>
        <ID>8</ID>
        <AUTH>manual</AUTH>
        <CONFIRMED>1</CONFIRMED>
        <POLICYAGREED>0</POLICYAGREED>
        <DELETED>0</DELETED>
        <USERNAME>guest</USERNAME>
        <PASSWORD>084e0343a0486ff05530df6c705c8bb4</PASSWORD>
        <IDNUMBER></IDNUMBER>
        <FIRSTNAME>Guest User</FIRSTNAME>
        <LASTNAME> </LASTNAME>
        <EMAIL>root@localhost</EMAIL>
        <EMAILSTOP>0</EMAILSTOP>
        <ICQ></ICQ>
        <SKYPE></SKYPE>
        <YAHOO></YAHOO>
        <AIM></AIM>
        <MSN></MSN>
        <PHONE1></PHONE1>
        <PHONE2></PHONE2>
        <INSTITUTION></INSTITUTION>
        <DEPARTMENT></DEPARTMENT>
        <ADDRESS></ADDRESS>
        <CITY></CITY>
        <COUNTRY></COUNTRY>
        <LANG>en_utf8</LANG>
        <THEME></THEME>
        <TIMEZONE>99</TIMEZONE>
        <FIRSTACCESS>0</FIRSTACCESS>
        <LASTACCESS>0</LASTACCESS>
        <LASTLOGIN>0</LASTLOGIN>
        <CURRENTLOGIN>0</CURRENTLOGIN>
        <LASTIP></LASTIP>
        <SECRET></SECRET>
        <PICTURE>0</PICTURE>
        <URL></URL>
        <DESCRIPTION>This user is a special user that allows read-only access to some courses.</DESCRIPTION>
        <MAILFORMAT>1</MAILFORMAT>
        <MAILDIGEST>0</MAILDIGEST>
        <MAILDISPLAY>2</MAILDISPLAY>
        <HTMLEDITOR>1</HTMLEDITOR>
        <AJAX>1</AJAX>
        <AUTOSUBSCRIBE>1</AUTOSUBSCRIBE>
        <TRACKFORUMS>0</TRACKFORUMS>
        <TIMEMODIFIED>1340217217</TIMEMODIFIED>
        <ROLES>
        </ROLES>
        <ROLES_OVERRIDES>
        </ROLES_OVERRIDES>
        <ROLES_ASSIGNMENTS>
        </ROLES_ASSIGNMENTS>
      </USER>
      <USER>
        <ID>7</ID>
        <AUTH>email</AUTH>
        <CONFIRMED>0</CONFIRMED>
        <POLICYAGREED>0</POLICYAGREED>
        <DELETED>0</DELETED>
        <USERNAME>ninja</USERNAME>
        <PASSWORD>202cb962ac59075b964b07152d234b70</PASSWORD>
        <IDNUMBER></IDNUMBER>
        <FIRSTNAME>Sergey</FIRSTNAME>
        <LASTNAME>Monin</LASTNAME>
        <EMAIL>moninsergei@gmail.com</EMAIL>
        <EMAILSTOP>0</EMAILSTOP>
        <ICQ></ICQ>
        <SKYPE></SKYPE>
        <YAHOO></YAHOO>
        <AIM></AIM>
        <MSN></MSN>
        <PHONE1></PHONE1>
        <PHONE2></PHONE2>
        <INSTITUTION></INSTITUTION>
        <DEPARTMENT></DEPARTMENT>
        <ADDRESS></ADDRESS>
        <CITY>Saratov</CITY>
        <COUNTRY>RU</COUNTRY>
        <LANG>en_utf8</LANG>
        <THEME></THEME>
        <TIMEZONE>99</TIMEZONE>
        <FIRSTACCESS>1340124673</FIRSTACCESS>
        <LASTACCESS>0</LASTACCESS>
        <LASTLOGIN>0</LASTLOGIN>
        <CURRENTLOGIN>0</CURRENTLOGIN>
        <LASTIP></LASTIP>
        <SECRET>5C8ockiZZ3rf4HB</SECRET>
        <PICTURE>0</PICTURE>
        <URL></URL>
        <DESCRIPTION>$@NULL@$</DESCRIPTION>
        <MAILFORMAT>1</MAILFORMAT>
        <MAILDIGEST>0</MAILDIGEST>
        <MAILDISPLAY>2</MAILDISPLAY>
        <HTMLEDITOR>1</HTMLEDITOR>
        <AJAX>1</AJAX>
        <AUTOSUBSCRIBE>1</AUTOSUBSCRIBE>
        <TRACKFORUMS>0</TRACKFORUMS>
        <TIMEMODIFIED>0</TIMEMODIFIED>
        <ROLES>
        </ROLES>
        <ROLES_OVERRIDES>
        </ROLES_OVERRIDES>
        <ROLES_ASSIGNMENTS>
        </ROLES_ASSIGNMENTS>
      </USER>
      <USER>
        <ID>6</ID>
        <AUTH>manual</AUTH>
        <CONFIRMED>1</CONFIRMED>
        <POLICYAGREED>0</POLICYAGREED>
        <DELETED>0</DELETED>
        <USERNAME>serverstudent</USERNAME>
        <PASSWORD></PASSWORD>
        <IDNUMBER></IDNUMBER>
        <FIRSTNAME>Server</FIRSTNAME>
        <LASTNAME>Student</LASTNAME>
        <EMAIL></EMAIL>
        <EMAILSTOP>0</EMAILSTOP>
        <ICQ></ICQ>
        <SKYPE></SKYPE>
        <YAHOO></YAHOO>
        <AIM></AIM>
        <MSN></MSN>
        <PHONE1></PHONE1>
        <PHONE2></PHONE2>
        <INSTITUTION></INSTITUTION>
        <DEPARTMENT></DEPARTMENT>
        <ADDRESS></ADDRESS>
        <CITY>Somehwere</CITY>
        <COUNTRY>AX</COUNTRY>
        <LANG>en_utf8</LANG>
        <THEME></THEME>
        <TIMEZONE>99</TIMEZONE>
        <FIRSTACCESS>0</FIRSTACCESS>
        <LASTACCESS>0</LASTACCESS>
        <LASTLOGIN>0</LASTLOGIN>
        <CURRENTLOGIN>0</CURRENTLOGIN>
        <LASTIP></LASTIP>
        <SECRET></SECRET>
        <PICTURE>0</PICTURE>
        <URL></URL>
        <DESCRIPTION></DESCRIPTION>
        <MAILFORMAT>1</MAILFORMAT>
        <MAILDIGEST>0</MAILDIGEST>
        <MAILDISPLAY>2</MAILDISPLAY>
        <HTMLEDITOR>1</HTMLEDITOR>
        <AJAX>0</AJAX>
        <AUTOSUBSCRIBE>1</AUTOSUBSCRIBE>
        <TRACKFORUMS>0</TRACKFORUMS>
        <TIMEMODIFIED>1212672249</TIMEMODIFIED>
        <ROLES>
        </ROLES>
        <ROLES_OVERRIDES>
        </ROLES_OVERRIDES>
        <ROLES_ASSIGNMENTS>
        </ROLES_ASSIGNMENTS>
      </USER>
      <USER>
        <ID>3</ID>
        <AUTH>manual</AUTH>
        <CONFIRMED>1</CONFIRMED>
        <POLICYAGREED>0</POLICYAGREED>
        <DELETED>0</DELETED>
        <USERNAME>student</USERNAME>
        <PASSWORD>ae2b1fca515949e5d54fb22b8ed95575</PASSWORD>
        <IDNUMBER></IDNUMBER>
        <FIRSTNAME>Offline</FIRSTNAME>
        <LASTNAME>Student</LASTNAME>
        <EMAIL>offlinestudent@open.ac.uk</EMAIL>
        <EMAILSTOP>0</EMAILSTOP>
        <ICQ></ICQ>
        <SKYPE></SKYPE>
        <YAHOO></YAHOO>
        <AIM></AIM>
        <MSN></MSN>
        <PHONE1></PHONE1>
        <PHONE2></PHONE2>
        <INSTITUTION></INSTITUTION>
        <DEPARTMENT></DEPARTMENT>
        <ADDRESS></ADDRESS>
        <CITY>Milton Keynes</CITY>
        <COUNTRY>GB</COUNTRY>
        <LANG>en_utf8</LANG>
        <THEME></THEME>
        <TIMEZONE>99</TIMEZONE>
        <FIRSTACCESS>0</FIRSTACCESS>
        <LASTACCESS>1340142964</LASTACCESS>
        <LASTLOGIN>1340128438</LASTLOGIN>
        <CURRENTLOGIN>1340128586</CURRENTLOGIN>
        <LASTIP>127.0.0.1</LASTIP>
        <SECRET></SECRET>
        <PICTURE>0</PICTURE>
        <URL></URL>
        <DESCRIPTION></DESCRIPTION>
        <MAILFORMAT>1</MAILFORMAT>
        <MAILDIGEST>0</MAILDIGEST>
        <MAILDISPLAY>2</MAILDISPLAY>
        <HTMLEDITOR>1</HTMLEDITOR>
        <AJAX>0</AJAX>
        <AUTOSUBSCRIBE>1</AUTOSUBSCRIBE>
        <TRACKFORUMS>0</TRACKFORUMS>
        <TIMEMODIFIED>1206031573</TIMEMODIFIED>
        <ROLES>
        </ROLES>
        <USER_PREFERENCES>
          <USER_PREFERENCE>
            <NAME>auth_forcepasswordchange</NAME>
            <VALUE>0</VALUE>
          </USER_PREFERENCE>
          <USER_PREFERENCE>
            <NAME>email_bounce_count</NAME>
            <VALUE>1</VALUE>
          </USER_PREFERENCE>
          <USER_PREFERENCE>
            <NAME>email_send_count</NAME>
            <VALUE>1</VALUE>
          </USER_PREFERENCE>
        </USER_PREFERENCES>
        <ROLES_OVERRIDES>
        </ROLES_OVERRIDES>
        <ROLES_ASSIGNMENTS>
        </ROLES_ASSIGNMENTS>
      </USER>
      <USER>
        <ID>5</ID>
        <AUTH>manual</AUTH>
        <CONFIRMED>1</CONFIRMED>
        <POLICYAGREED>0</POLICYAGREED>
        <DELETED>0</DELETED>
        <USERNAME>student1</USERNAME>
        <PASSWORD></PASSWORD>
        <IDNUMBER></IDNUMBER>
        <FIRSTNAME>Student</FIRSTNAME>
        <LASTNAME>1</LASTNAME>
        <EMAIL></EMAIL>
        <EMAILSTOP>0</EMAILSTOP>
        <ICQ></ICQ>
        <SKYPE></SKYPE>
        <YAHOO></YAHOO>
        <AIM></AIM>
        <MSN></MSN>
        <PHONE1></PHONE1>
        <PHONE2></PHONE2>
        <INSTITUTION></INSTITUTION>
        <DEPARTMENT></DEPARTMENT>
        <ADDRESS></ADDRESS>
        <CITY>geneva</CITY>
        <COUNTRY>CH</COUNTRY>
        <LANG>en_utf8</LANG>
        <THEME></THEME>
        <TIMEZONE>99</TIMEZONE>
        <FIRSTACCESS>0</FIRSTACCESS>
        <LASTACCESS>0</LASTACCESS>
        <LASTLOGIN>0</LASTLOGIN>
        <CURRENTLOGIN>0</CURRENTLOGIN>
        <LASTIP></LASTIP>
        <SECRET></SECRET>
        <PICTURE>0</PICTURE>
        <URL></URL>
        <DESCRIPTION></DESCRIPTION>
        <MAILFORMAT>1</MAILFORMAT>
        <MAILDIGEST>0</MAILDIGEST>
        <MAILDISPLAY>2</MAILDISPLAY>
        <HTMLEDITOR>1</HTMLEDITOR>
        <AJAX>0</AJAX>
        <AUTOSUBSCRIBE>1</AUTOSUBSCRIBE>
        <TRACKFORUMS>0</TRACKFORUMS>
        <TIMEMODIFIED>1212507647</TIMEMODIFIED>
        <ROLES>
        </ROLES>
        <ROLES_OVERRIDES>
        </ROLES_OVERRIDES>
        <ROLES_ASSIGNMENTS>
        </ROLES_ASSIGNMENTS>
      </USER>
      <USER>
        <ID>4</ID>
        <AUTH>manual</AUTH>
        <CONFIRMED>1</CONFIRMED>
        <POLICYAGREED>0</POLICYAGREED>
        <DELETED>1</DELETED>
        <USERNAME>student1@localhost.co.uk.1212663062</USERNAME>
        <PASSWORD>ae2b1fca515949e5d54fb22b8ed95575</PASSWORD>
        <IDNUMBER></IDNUMBER>
        <FIRSTNAME>Student</FIRSTNAME>
        <LASTNAME>1</LASTNAME>
        <EMAIL></EMAIL>
        <EMAILSTOP>0</EMAILSTOP>
        <ICQ></ICQ>
        <SKYPE></SKYPE>
        <YAHOO></YAHOO>
        <AIM></AIM>
        <MSN></MSN>
        <PHONE1></PHONE1>
        <PHONE2></PHONE2>
        <INSTITUTION></INSTITUTION>
        <DEPARTMENT></DEPARTMENT>
        <ADDRESS></ADDRESS>
        <CITY>geneva</CITY>
        <COUNTRY>CH</COUNTRY>
        <LANG>en_utf8</LANG>
        <THEME></THEME>
        <TIMEZONE>99</TIMEZONE>
        <FIRSTACCESS>0</FIRSTACCESS>
        <LASTACCESS>0</LASTACCESS>
        <LASTLOGIN>0</LASTLOGIN>
        <CURRENTLOGIN>0</CURRENTLOGIN>
        <LASTIP></LASTIP>
        <SECRET></SECRET>
        <PICTURE>0</PICTURE>
        <URL></URL>
        <DESCRIPTION></DESCRIPTION>
        <MAILFORMAT>1</MAILFORMAT>
        <MAILDIGEST>0</MAILDIGEST>
        <MAILDISPLAY>2</MAILDISPLAY>
        <HTMLEDITOR>1</HTMLEDITOR>
        <AJAX>0</AJAX>
        <AUTOSUBSCRIBE>1</AUTOSUBSCRIBE>
        <TRACKFORUMS>0</TRACKFORUMS>
        <TIMEMODIFIED>1212663062</TIMEMODIFIED>
        <ROLES>
        </ROLES>
        <USER_PREFERENCES>
          <USER_PREFERENCE>
            <NAME>auth_forcepasswordchange</NAME>
            <VALUE>0</VALUE>
          </USER_PREFERENCE>
          <USER_PREFERENCE>
            <NAME>email_bounce_count</NAME>
            <VALUE>1</VALUE>
          </USER_PREFERENCE>
          <USER_PREFERENCE>
            <NAME>email_send_count</NAME>
            <VALUE>1</VALUE>
          </USER_PREFERENCE>
        </USER_PREFERENCES>
        <ROLES_OVERRIDES>
        </ROLES_OVERRIDES>
        <ROLES_ASSIGNMENTS>
        </ROLES_ASSIGNMENTS>
      </USER>
    </USERS>
    <GRADEBOOK>
      <GRADE_ITEMS>
        <GRADE_ITEM>
          <ID>185</ID>
          <CATEGORYID>$@NULL@$</CATEGORYID>
          <ITEMNAME>$@NULL@$</ITEMNAME>
          <ITEMTYPE>course</ITEMTYPE>
          <ITEMMODULE>$@NULL@$</ITEMMODULE>
          <ITEMINSTANCE>87</ITEMINSTANCE>
          <ITEMNUMBER>$@NULL@$</ITEMNUMBER>
          <ITEMINFO>$@NULL@$</ITEMINFO>
          <IDNUMBER>$@NULL@$</IDNUMBER>
          <CALCULATION>$@NULL@$</CALCULATION>
          <GRADETYPE>1</GRADETYPE>
          <GRADEMAX>100.00000</GRADEMAX>
          <GRADEMIN>0.00000</GRADEMIN>
          <SCALEID>$@NULL@$</SCALEID>
          <OUTCOMEID>$@NULL@$</OUTCOMEID>
          <GRADEPASS>0.00000</GRADEPASS>
          <MULTFACTOR>1.00000</MULTFACTOR>
          <PLUSFACTOR>0.00000</PLUSFACTOR>
          <AGGREGATIONCOEF>0.00000</AGGREGATIONCOEF>
          <DISPLAY>0</DISPLAY>
          <DECIMALS>$@NULL@$</DECIMALS>
          <HIDDEN>0</HIDDEN>
          <LOCKED>0</LOCKED>
          <LOCKTIME>0</LOCKTIME>
          <NEEDSUPDATE>0</NEEDSUPDATE>
          <TIMECREATED>1216915294</TIMECREATED>
          <TIMEMODIFIED>1340574883</TIMEMODIFIED>
        </GRADE_ITEM>
      </GRADE_ITEMS>
          <GRADE_CATEGORIES_HISTORIES>
            <GRADE_CATEGORIES_HISTORY>
              <ID>303</ID>
              <ACTION>1</ACTION>
              <OLDID>87</OLDID>
              <SOURCE>system</SOURCE>
              <TIMEMODIFIED>1340574883</TIMEMODIFIED>
              <LOGGEDUSER>$@NULL@$</LOGGEDUSER>
              <PARENT>$@NULL@$</PARENT>
              <DEPTH>0</DEPTH>
              <PATH>$@NULL@$</PATH>
              <FULLNAME>?</FULLNAME>
              <AGGRETGATION>11</AGGRETGATION>
              <KEEPHIGH>0</KEEPHIGH>
              <DROPLOW>0</DROPLOW>
              <AGGREGATEONLYGRADED>1</AGGREGATEONLYGRADED>
              <AGGREGATEOUTCOMES>0</AGGREGATEOUTCOMES>
              <AGGREGATESUBCATS>0</AGGREGATESUBCATS>
            </GRADE_CATEGORIES_HISTORY>
            <GRADE_CATEGORIES_HISTORY>
              <ID>304</ID>
              <ACTION>2</ACTION>
              <OLDID>87</OLDID>
              <SOURCE>system</SOURCE>
              <TIMEMODIFIED>1340574883</TIMEMODIFIED>
              <LOGGEDUSER>$@NULL@$</LOGGEDUSER>
              <PARENT>$@NULL@$</PARENT>
              <DEPTH>1</DEPTH>
              <PATH>/87/</PATH>
              <FULLNAME>?</FULLNAME>
              <AGGRETGATION>11</AGGRETGATION>
              <KEEPHIGH>0</KEEPHIGH>
              <DROPLOW>0</DROPLOW>
              <AGGREGATEONLYGRADED>1</AGGREGATEONLYGRADED>
              <AGGREGATEOUTCOMES>0</AGGREGATEOUTCOMES>
              <AGGREGATESUBCATS>0</AGGREGATESUBCATS>
            </GRADE_CATEGORIES_HISTORY>
            <GRADE_CATEGORIES_HISTORY>
              <ID>305</ID>
              <ACTION>2</ACTION>
              <OLDID>87</OLDID>
              <SOURCE>restore</SOURCE>
              <TIMEMODIFIED>1340574883</TIMEMODIFIED>
              <LOGGEDUSER>$@NULL@$</LOGGEDUSER>
              <PARENT>$@NULL@$</PARENT>
              <DEPTH>1</DEPTH>
              <PATH>/87/</PATH>
              <FULLNAME>?</FULLNAME>
              <AGGRETGATION>11</AGGRETGATION>
              <KEEPHIGH>0</KEEPHIGH>
              <DROPLOW>0</DROPLOW>
              <AGGREGATEONLYGRADED>1</AGGREGATEONLYGRADED>
              <AGGREGATEOUTCOMES>0</AGGREGATEOUTCOMES>
              <AGGREGATESUBCATS>0</AGGREGATESUBCATS>
            </GRADE_CATEGORIES_HISTORY>
          </GRADE_CATEGORIES_HISTORIES>
          <GRADE_ITEM_HISTORIES>
            <GRADE_ITEM_HISTORY>
              <ID>390</ID>
              <ACTION>1</ACTION>
              <OLDID>185</OLDID>
              <SOURCE>system</SOURCE>
              <TIMEMODIFIED>1340574883</TIMEMODIFIED>
              <LOGGEDUSER>$@NULL@$</LOGGEDUSER>
              <CATEGORYID>$@NULL@$</CATEGORYID>
              <ITEMNAME>$@NULL@$</ITEMNAME>
              <ITEMTYPE>course</ITEMTYPE>
              <ITEMMODULE>$@NULL@$</ITEMMODULE>
              <ITEMINSTANCE>87</ITEMINSTANCE>
              <ITEMNUMBER>$@NULL@$</ITEMNUMBER>
              <ITEMINFO>$@NULL@$</ITEMINFO>
              <IDNUMBER>$@NULL@$</IDNUMBER>
              <CALCULATION>$@NULL@$</CALCULATION>
              <GRADETYPE>1</GRADETYPE>
              <GRADEMAX>100.00000</GRADEMAX>
              <GRADEMIN>0.00000</GRADEMIN>
              <SCALEID>$@NULL@$</SCALEID>
              <OUTCOMEID>$@NULL@$</OUTCOMEID>
              <GRADEPASS>0.00000</GRADEPASS>
              <MULTFACTOR>1.00000</MULTFACTOR>
              <PLUSFACTOR>0.00000</PLUSFACTOR>
              <AGGREGATIONCOEF>0.00000</AGGREGATIONCOEF>
              <SORTORDER>1</SORTORDER>
              <HIDDEN>0</HIDDEN>
              <LOCKED>0</LOCKED>
              <LOCKTIME>0</LOCKTIME>
              <NEEDSUPDATE>1</NEEDSUPDATE>
            </GRADE_ITEM_HISTORY>
            <GRADE_ITEM_HISTORY>
              <ID>391</ID>
              <ACTION>2</ACTION>
              <OLDID>185</OLDID>
              <SOURCE>restore</SOURCE>
              <TIMEMODIFIED>1340574883</TIMEMODIFIED>
              <LOGGEDUSER>$@NULL@$</LOGGEDUSER>
              <CATEGORYID>$@NULL@$</CATEGORYID>
              <ITEMNAME>$@NULL@$</ITEMNAME>
              <ITEMTYPE>course</ITEMTYPE>
              <ITEMMODULE>$@NULL@$</ITEMMODULE>
              <ITEMINSTANCE>87</ITEMINSTANCE>
              <ITEMNUMBER>$@NULL@$</ITEMNUMBER>
              <ITEMINFO>$@NULL@$</ITEMINFO>
              <IDNUMBER>$@NULL@$</IDNUMBER>
              <CALCULATION>$@NULL@$</CALCULATION>
              <GRADETYPE>1</GRADETYPE>
              <GRADEMAX>100.00000</GRADEMAX>
              <GRADEMIN>0.00000</GRADEMIN>
              <SCALEID>$@NULL@$</SCALEID>
              <OUTCOMEID>$@NULL@$</OUTCOMEID>
              <GRADEPASS>0.00000</GRADEPASS>
              <MULTFACTOR>1.00000</MULTFACTOR>
              <PLUSFACTOR>0.00000</PLUSFACTOR>
              <AGGREGATIONCOEF>0.00000</AGGREGATIONCOEF>
              <SORTORDER>1</SORTORDER>
              <HIDDEN>0</HIDDEN>
              <LOCKED>0</LOCKED>
              <LOCKTIME>0</LOCKTIME>
              <NEEDSUPDATE>1</NEEDSUPDATE>
            </GRADE_ITEM_HISTORY>
            <GRADE_ITEM_HISTORY>
              <ID>392</ID>
              <ACTION>1</ACTION>
              <OLDID>186</OLDID>
              <SOURCE>restore</SOURCE>
              <TIMEMODIFIED>1340574883</TIMEMODIFIED>
              <LOGGEDUSER>$@NULL@$</LOGGEDUSER>
              <CATEGORYID>87</CATEGORYID>
              <ITEMNAME>Расчет конфигурации сети Ethernet</ITEMNAME>
              <ITEMTYPE>mod</ITEMTYPE>
              <ITEMMODULE>assignment</ITEMMODULE>
              <ITEMINSTANCE>82</ITEMINSTANCE>
              <ITEMNUMBER>0</ITEMNUMBER>
              <ITEMINFO>$@NULL@$</ITEMINFO>
              <IDNUMBER>$@NULL@$</IDNUMBER>
              <CALCULATION>$@NULL@$</CALCULATION>
              <GRADETYPE>1</GRADETYPE>
              <GRADEMAX>100.00000</GRADEMAX>
              <GRADEMIN>0.00000</GRADEMIN>
              <SCALEID>$@NULL@$</SCALEID>
              <OUTCOMEID>$@NULL@$</OUTCOMEID>
              <GRADEPASS>0.00000</GRADEPASS>
              <MULTFACTOR>1.00000</MULTFACTOR>
              <PLUSFACTOR>0.00000</PLUSFACTOR>
              <AGGREGATIONCOEF>0.00000</AGGREGATIONCOEF>
              <SORTORDER>2</SORTORDER>
              <HIDDEN>0</HIDDEN>
              <LOCKED>0</LOCKED>
              <LOCKTIME>0</LOCKTIME>
              <NEEDSUPDATE>1</NEEDSUPDATE>
            </GRADE_ITEM_HISTORY>
            <GRADE_ITEM_HISTORY>
              <ID>393</ID>
              <ACTION>1</ACTION>
              <OLDID>187</OLDID>
              <SOURCE>restore</SOURCE>
              <TIMEMODIFIED>1340574883</TIMEMODIFIED>
              <LOGGEDUSER>$@NULL@$</LOGGEDUSER>
              <CATEGORYID>87</CATEGORYID>
              <ITEMNAME>Изучение структуры IP-адреса</ITEMNAME>
              <ITEMTYPE>mod</ITEMTYPE>
              <ITEMMODULE>assignment</ITEMMODULE>
              <ITEMINSTANCE>83</ITEMINSTANCE>
              <ITEMNUMBER>0</ITEMNUMBER>
              <ITEMINFO>$@NULL@$</ITEMINFO>
              <IDNUMBER>$@NULL@$</IDNUMBER>
              <CALCULATION>$@NULL@$</CALCULATION>
              <GRADETYPE>1</GRADETYPE>
              <GRADEMAX>100.00000</GRADEMAX>
              <GRADEMIN>0.00000</GRADEMIN>
              <SCALEID>$@NULL@$</SCALEID>
              <OUTCOMEID>$@NULL@$</OUTCOMEID>
              <GRADEPASS>0.00000</GRADEPASS>
              <MULTFACTOR>1.00000</MULTFACTOR>
              <PLUSFACTOR>0.00000</PLUSFACTOR>
              <AGGREGATIONCOEF>0.00000</AGGREGATIONCOEF>
              <SORTORDER>3</SORTORDER>
              <HIDDEN>0</HIDDEN>
              <LOCKED>0</LOCKED>
              <LOCKTIME>0</LOCKTIME>
              <NEEDSUPDATE>1</NEEDSUPDATE>
            </GRADE_ITEM_HISTORY>
            <GRADE_ITEM_HISTORY>
              <ID>394</ID>
              <ACTION>1</ACTION>
              <OLDID>188</OLDID>
              <SOURCE>restore</SOURCE>
              <TIMEMODIFIED>1340574883</TIMEMODIFIED>
              <LOGGEDUSER>$@NULL@$</LOGGEDUSER>
              <CATEGORYID>87</CATEGORYID>
              <ITEMNAME>Взаимодействие прикладных программ с помощью транспортного протокола TCP</ITEMNAME>
              <ITEMTYPE>mod</ITEMTYPE>
              <ITEMMODULE>assignment</ITEMMODULE>
              <ITEMINSTANCE>84</ITEMINSTANCE>
              <ITEMNUMBER>0</ITEMNUMBER>
              <ITEMINFO>$@NULL@$</ITEMINFO>
              <IDNUMBER>$@NULL@$</IDNUMBER>
              <CALCULATION>$@NULL@$</CALCULATION>
              <GRADETYPE>1</GRADETYPE>
              <GRADEMAX>100.00000</GRADEMAX>
              <GRADEMIN>0.00000</GRADEMIN>
              <SCALEID>$@NULL@$</SCALEID>
              <OUTCOMEID>$@NULL@$</OUTCOMEID>
              <GRADEPASS>0.00000</GRADEPASS>
              <MULTFACTOR>1.00000</MULTFACTOR>
              <PLUSFACTOR>0.00000</PLUSFACTOR>
              <AGGREGATIONCOEF>0.00000</AGGREGATIONCOEF>
              <SORTORDER>4</SORTORDER>
              <HIDDEN>0</HIDDEN>
              <LOCKED>0</LOCKED>
              <LOCKTIME>0</LOCKTIME>
              <NEEDSUPDATE>1</NEEDSUPDATE>
            </GRADE_ITEM_HISTORY>
            <GRADE_ITEM_HISTORY>
              <ID>395</ID>
              <ACTION>1</ACTION>
              <OLDID>189</OLDID>
              <SOURCE>restore</SOURCE>
              <TIMEMODIFIED>1340574883</TIMEMODIFIED>
              <LOGGEDUSER>$@NULL@$</LOGGEDUSER>
              <CATEGORYID>87</CATEGORYID>
              <ITEMNAME>Взаимодействие прикладных программ с помощью протокола электронной почты SMTP</ITEMNAME>
              <ITEMTYPE>mod</ITEMTYPE>
              <ITEMMODULE>assignment</ITEMMODULE>
              <ITEMINSTANCE>85</ITEMINSTANCE>
              <ITEMNUMBER>0</ITEMNUMBER>
              <ITEMINFO>$@NULL@$</ITEMINFO>
              <IDNUMBER>$@NULL@$</IDNUMBER>
              <CALCULATION>$@NULL@$</CALCULATION>
              <GRADETYPE>1</GRADETYPE>
              <GRADEMAX>100.00000</GRADEMAX>
              <GRADEMIN>0.00000</GRADEMIN>
              <SCALEID>$@NULL@$</SCALEID>
              <OUTCOMEID>$@NULL@$</OUTCOMEID>
              <GRADEPASS>0.00000</GRADEPASS>
              <MULTFACTOR>1.00000</MULTFACTOR>
              <PLUSFACTOR>0.00000</PLUSFACTOR>
              <AGGREGATIONCOEF>0.00000</AGGREGATIONCOEF>
              <SORTORDER>5</SORTORDER>
              <HIDDEN>0</HIDDEN>
              <LOCKED>0</LOCKED>
              <LOCKTIME>0</LOCKTIME>
              <NEEDSUPDATE>1</NEEDSUPDATE>
            </GRADE_ITEM_HISTORY>
            <GRADE_ITEM_HISTORY>
              <ID>396</ID>
              <ACTION>1</ACTION>
              <OLDID>190</OLDID>
              <SOURCE>restore</SOURCE>
              <TIMEMODIFIED>1340574883</TIMEMODIFIED>
              <LOGGEDUSER>$@NULL@$</LOGGEDUSER>
              <CATEGORYID>87</CATEGORYID>
              <ITEMNAME>Взаимодействие прикладных программ с помощью протокола электронной почты POP3</ITEMNAME>
              <ITEMTYPE>mod</ITEMTYPE>
              <ITEMMODULE>assignment</ITEMMODULE>
              <ITEMINSTANCE>86</ITEMINSTANCE>
              <ITEMNUMBER>0</ITEMNUMBER>
              <ITEMINFO>$@NULL@$</ITEMINFO>
              <IDNUMBER>$@NULL@$</IDNUMBER>
              <CALCULATION>$@NULL@$</CALCULATION>
              <GRADETYPE>1</GRADETYPE>
              <GRADEMAX>100.00000</GRADEMAX>
              <GRADEMIN>0.00000</GRADEMIN>
              <SCALEID>$@NULL@$</SCALEID>
              <OUTCOMEID>$@NULL@$</OUTCOMEID>
              <GRADEPASS>0.00000</GRADEPASS>
              <MULTFACTOR>1.00000</MULTFACTOR>
              <PLUSFACTOR>0.00000</PLUSFACTOR>
              <AGGREGATIONCOEF>0.00000</AGGREGATIONCOEF>
              <SORTORDER>6</SORTORDER>
              <HIDDEN>0</HIDDEN>
              <LOCKED>0</LOCKED>
              <LOCKTIME>0</LOCKTIME>
              <NEEDSUPDATE>1</NEEDSUPDATE>
            </GRADE_ITEM_HISTORY>
            <GRADE_ITEM_HISTORY>
              <ID>397</ID>
              <ACTION>1</ACTION>
              <OLDID>191</OLDID>
              <SOURCE>restore</SOURCE>
              <TIMEMODIFIED>1340574883</TIMEMODIFIED>
              <LOGGEDUSER>$@NULL@$</LOGGEDUSER>
              <CATEGORYID>87</CATEGORYID>
              <ITEMNAME>Взаимодействие прикладных программ с помощью протокола передачи данных FTP</ITEMNAME>
              <ITEMTYPE>mod</ITEMTYPE>
              <ITEMMODULE>assignment</ITEMMODULE>
              <ITEMINSTANCE>87</ITEMINSTANCE>
              <ITEMNUMBER>0</ITEMNUMBER>
              <ITEMINFO>$@NULL@$</ITEMINFO>
              <IDNUMBER>$@NULL@$</IDNUMBER>
              <CALCULATION>$@NULL@$</CALCULATION>
              <GRADETYPE>1</GRADETYPE>
              <GRADEMAX>100.00000</GRADEMAX>
              <GRADEMIN>0.00000</GRADEMIN>
              <SCALEID>$@NULL@$</SCALEID>
              <OUTCOMEID>$@NULL@$</OUTCOMEID>
              <GRADEPASS>0.00000</GRADEPASS>
              <MULTFACTOR>1.00000</MULTFACTOR>
              <PLUSFACTOR>0.00000</PLUSFACTOR>
              <AGGREGATIONCOEF>0.00000</AGGREGATIONCOEF>
              <SORTORDER>7</SORTORDER>
              <HIDDEN>0</HIDDEN>
              <LOCKED>0</LOCKED>
              <LOCKTIME>0</LOCKTIME>
              <NEEDSUPDATE>1</NEEDSUPDATE>
            </GRADE_ITEM_HISTORY>
          </GRADE_ITEM_HISTORIES>
    </GRADEBOOK>
    <FORMATDATA>
    </FORMATDATA>
  </COURSE>
</MOODLE_BACKUP>
