<?xml version="1.0" encoding="UTF-8"?>
<MOODLE_BACKUP>
  <INFO>
    <NAME>backup-srv_20080619_09_02-20080710-1030.zip</NAME>
    <MOODLE_VERSION>2007101513</MOODLE_VERSION>
    <MOODLE_RELEASE>1.9.1+ (Build: 20080602)</MOODLE_RELEASE>
    <BACKUP_VERSION>2008041100</BACKUP_VERSION>
    <BACKUP_RELEASE>1.9</BACKUP_RELEASE>
    <DATE>1215682241</DATE>
    <ORIGINAL_WWWROOT>http://localhost/moodle-server</ORIGINAL_WWWROOT>
    <ZIP_METHOD>internal</ZIP_METHOD>
    <DETAILS>
      <MOD>
        <NAME>forum</NAME>
        <INCLUDED>true</INCLUDED>
        <USERINFO>true</USERINFO>
        <INSTANCES>
          <INSTANCE>
          <ID>5</ID>
          <NAME>News forum</NAME>
          <INCLUDED>true</INCLUDED>
          <USERINFO>true</USERINFO>
          </INSTANCE>
        </INSTANCES>
      </MOD>
      <MOD>
        <NAME>label</NAME>
        <INCLUDED>true</INCLUDED>
        <USERINFO>true</USERINFO>
        <INSTANCES>
          <INSTANCE>
          <ID>9</ID>
          <NAME>label 20080619 09:05 </NAME>
          <INCLUDED>true</INCLUDED>
          <USERINFO>true</USERINFO>
          </INSTANCE>
          <INSTANCE>
          <ID>10</ID>
          <NAME>Label 20080619 09:08 </NAME>
          <INCLUDED>true</INCLUDED>
          <USERINFO>true</USERINFO>
          </INSTANCE>
          <INSTANCE>
          <ID>11</ID>
          <NAME>20080702 09:54 </NAME>
          <INCLUDED>true</INCLUDED>
          <USERINFO>true</USERINFO>
          </INSTANCE>
        </INSTANCES>
      </MOD>
      <MOD>
        <NAME>quiz</NAME>
        <INCLUDED>true</INCLUDED>
        <USERINFO>true</USERINFO>
        <INSTANCES>
          <INSTANCE>
          <ID>2</ID>
          <NAME>test quiz</NAME>
          <INCLUDED>true</INCLUDED>
          <USERINFO>true</USERINFO>
          </INSTANCE>
        </INSTANCES>
      </MOD>
      <MOD>
        <NAME>resource</NAME>
        <INCLUDED>true</INCLUDED>
        <USERINFO>true</USERINFO>
        <INSTANCES>
          <INSTANCE>
          <ID>8</ID>
          <NAME>text page 20080702 09:55</NAME>
          <INCLUDED>true</INCLUDED>
          <USERINFO>true</USERINFO>
          </INSTANCE>
        </INSTANCES>
      </MOD>
      <METACOURSE>false</METACOURSE>
      <USERS>course</USERS>
      <LOGS>false</LOGS>
      <USERFILES>true</USERFILES>
      <COURSEFILES>true</COURSEFILES>
      <SITEFILES>true</SITEFILES>
      <GRADEBOOKHISTORIES>false</GRADEBOOKHISTORIES>
      <MESSAGES>false</MESSAGES>
      <BLOGS>false</BLOGS>
      <BLOCKFORMAT>instances</BLOCKFORMAT>
    </DETAILS>
  </INFO>
  <ROLES>
  </ROLES>
  <COURSE>
    <HEADER>
      <ID>5</ID>
      <CATEGORY>
        <ID>1</ID>
        <NAME>Miscellaneous</NAME>
      </CATEGORY>
      <PASSWORD></PASSWORD>
      <FULLNAME>SRV 20080619 09:02</FULLNAME>
      <SHORTNAME>SRV 20080619 09:02</SHORTNAME>
      <IDNUMBER></IDNUMBER>
      <SUMMARY>course from SRV 20080619 09:02 </SUMMARY>
      <FORMAT>weeks</FORMAT>
      <SHOWGRADES>1</SHOWGRADES>
      <NEWSITEMS>5</NEWSITEMS>
      <TEACHER>Teacher</TEACHER>
      <TEACHERS>Teachers</TEACHERS>
      <STUDENT>Student</STUDENT>
      <STUDENTS>Students</STUDENTS>
      <GUEST>0</GUEST>
      <STARTDATE>1213916400</STARTDATE>
      <NUMSECTIONS>10</NUMSECTIONS>
      <MAXBYTES>16777216</MAXBYTES>
      <SHOWREPORTS>0</SHOWREPORTS>
      <GROUPMODE>0</GROUPMODE>
      <GROUPMODEFORCE>0</GROUPMODEFORCE>
      <DEFAULTGROUPINGID>0</DEFAULTGROUPINGID>
      <LANG></LANG>
      <THEME></THEME>
      <COST></COST>
      <CURRENCY>USD</CURRENCY>
      <MARKER>0</MARKER>
      <VISIBLE>1</VISIBLE>
      <HIDDENSECTIONS>0</HIDDENSECTIONS>
      <TIMECREATED>1213862587</TIMECREATED>
      <TIMEMODIFIED>1213862587</TIMEMODIFIED>
      <METACOURSE>0</METACOURSE>
      <EXPIRENOTIFY>0</EXPIRENOTIFY>
      <NOTIFYSTUDENTS>0</NOTIFYSTUDENTS>
      <EXPIRYTHRESHOLD>864000</EXPIRYTHRESHOLD>
      <ENROLLABLE>1</ENROLLABLE>
      <ENROLSTARTDATE>0</ENROLSTARTDATE>
      <ENROLENDDATE>0</ENROLENDDATE>
      <ENROLPERIOD>0</ENROLPERIOD>
      <ROLES_OVERRIDES>
      </ROLES_OVERRIDES>
      <ROLES_ASSIGNMENTS>
      </ROLES_ASSIGNMENTS>
    </HEADER>
    <BLOCKS>
      <BLOCK>
        <ID>31</ID>
        <NAME>participants</NAME>
        <PAGEID>5</PAGEID>
        <PAGETYPE>course-view</PAGETYPE>
        <POSITION>l</POSITION>
        <WEIGHT>0</WEIGHT>
        <VISIBLE>1</VISIBLE>
        <CONFIGDATA>Tjs=</CONFIGDATA>
        <ROLES_OVERRIDES>
        </ROLES_OVERRIDES>
        <ROLES_ASSIGNMENTS>
        </ROLES_ASSIGNMENTS>
      </BLOCK>
      <BLOCK>
        <ID>32</ID>
        <NAME>activity_modules</NAME>
        <PAGEID>5</PAGEID>
        <PAGETYPE>course-view</PAGETYPE>
        <POSITION>l</POSITION>
        <WEIGHT>1</WEIGHT>
        <VISIBLE>1</VISIBLE>
        <CONFIGDATA>Tjs=</CONFIGDATA>
        <ROLES_OVERRIDES>
        </ROLES_OVERRIDES>
        <ROLES_ASSIGNMENTS>
        </ROLES_ASSIGNMENTS>
      </BLOCK>
      <BLOCK>
        <ID>33</ID>
        <NAME>search_forums</NAME>
        <PAGEID>5</PAGEID>
        <PAGETYPE>course-view</PAGETYPE>
        <POSITION>l</POSITION>
        <WEIGHT>2</WEIGHT>
        <VISIBLE>1</VISIBLE>
        <CONFIGDATA>Tjs=</CONFIGDATA>
        <ROLES_OVERRIDES>
        </ROLES_OVERRIDES>
        <ROLES_ASSIGNMENTS>
        </ROLES_ASSIGNMENTS>
      </BLOCK>
      <BLOCK>
        <ID>34</ID>
        <NAME>admin</NAME>
        <PAGEID>5</PAGEID>
        <PAGETYPE>course-view</PAGETYPE>
        <POSITION>l</POSITION>
        <WEIGHT>3</WEIGHT>
        <VISIBLE>1</VISIBLE>
        <CONFIGDATA>Tjs=</CONFIGDATA>
        <ROLES_OVERRIDES>
        </ROLES_OVERRIDES>
        <ROLES_ASSIGNMENTS>
        </ROLES_ASSIGNMENTS>
      </BLOCK>
      <BLOCK>
        <ID>35</ID>
        <NAME>course_list</NAME>
        <PAGEID>5</PAGEID>
        <PAGETYPE>course-view</PAGETYPE>
        <POSITION>l</POSITION>
        <WEIGHT>4</WEIGHT>
        <VISIBLE>1</VISIBLE>
        <CONFIGDATA>Tjs=</CONFIGDATA>
        <ROLES_OVERRIDES>
        </ROLES_OVERRIDES>
        <ROLES_ASSIGNMENTS>
        </ROLES_ASSIGNMENTS>
      </BLOCK>
      <BLOCK>
        <ID>36</ID>
        <NAME>news_items</NAME>
        <PAGEID>5</PAGEID>
        <PAGETYPE>course-view</PAGETYPE>
        <POSITION>r</POSITION>
        <WEIGHT>0</WEIGHT>
        <VISIBLE>1</VISIBLE>
        <CONFIGDATA>Tjs=</CONFIGDATA>
        <ROLES_OVERRIDES>
        </ROLES_OVERRIDES>
        <ROLES_ASSIGNMENTS>
        </ROLES_ASSIGNMENTS>
      </BLOCK>
      <BLOCK>
        <ID>37</ID>
        <NAME>calendar_upcoming</NAME>
        <PAGEID>5</PAGEID>
        <PAGETYPE>course-view</PAGETYPE>
        <POSITION>r</POSITION>
        <WEIGHT>1</WEIGHT>
        <VISIBLE>1</VISIBLE>
        <CONFIGDATA>Tjs=</CONFIGDATA>
        <ROLES_OVERRIDES>
        </ROLES_OVERRIDES>
        <ROLES_ASSIGNMENTS>
        </ROLES_ASSIGNMENTS>
      </BLOCK>
      <BLOCK>
        <ID>38</ID>
        <NAME>recent_activity</NAME>
        <PAGEID>5</PAGEID>
        <PAGETYPE>course-view</PAGETYPE>
        <POSITION>r</POSITION>
        <WEIGHT>2</WEIGHT>
        <VISIBLE>1</VISIBLE>
        <CONFIGDATA>Tjs=</CONFIGDATA>
        <ROLES_OVERRIDES>
        </ROLES_OVERRIDES>
        <ROLES_ASSIGNMENTS>
        </ROLES_ASSIGNMENTS>
      </BLOCK>
    </BLOCKS>
    <SECTIONS>
      <SECTION>
        <ID>35</ID>
        <NUMBER>0</NUMBER>
        <SUMMARY>$@NULL@$</SUMMARY>
        <VISIBLE>1</VISIBLE>
        <MODS>
          <MOD>
            <GUID>c1a337eb3b36be820bc7441579cbdbb0b52fdd6e</GUID>
            <ID>27</ID>
            <TYPE>forum</TYPE>
            <INSTANCE>5</INSTANCE>
            <ADDED>1213862604</ADDED>
            <SCORE>0</SCORE>
            <INDENT>0</INDENT>
            <VISIBLE>1</VISIBLE>
            <GROUPMODE>0</GROUPMODE>
            <GROUPINGID>0</GROUPINGID>
            <GROUPMEMBERSONLY>0</GROUPMEMBERSONLY>
            <IDNUMBER>$@NULL@$</IDNUMBER>
            <ROLES_OVERRIDES>
            </ROLES_OVERRIDES>
            <ROLES_ASSIGNMENTS>
            </ROLES_ASSIGNMENTS>
          </MOD>
        </MODS>
      </SECTION>
      <SECTION>
        <ID>36</ID>
        <NUMBER>1</NUMBER>
        <SUMMARY></SUMMARY>
        <VISIBLE>1</VISIBLE>
        <MODS>
          <MOD>
            <GUID>6ad6ddff2eb62aca52ec87aba0d3e53893ca60f6</GUID>
            <ID>28</ID>
            <TYPE>label</TYPE>
            <INSTANCE>9</INSTANCE>
            <ADDED>1213862709</ADDED>
            <SCORE>0</SCORE>
            <INDENT>0</INDENT>
            <VISIBLE>1</VISIBLE>
            <GROUPMODE>0</GROUPMODE>
            <GROUPINGID>0</GROUPINGID>
            <GROUPMEMBERSONLY>0</GROUPMEMBERSONLY>
            <IDNUMBER>$@NULL@$</IDNUMBER>
            <ROLES_OVERRIDES>
            </ROLES_OVERRIDES>
            <ROLES_ASSIGNMENTS>
            </ROLES_ASSIGNMENTS>
          </MOD>
          <MOD>
            <GUID>e88d7ab22a267f32f88af6c036bedbaedf66b9c6</GUID>
            <ID>29</ID>
            <TYPE>label</TYPE>
            <INSTANCE>10</INSTANCE>
            <ADDED>1213862922</ADDED>
            <SCORE>0</SCORE>
            <INDENT>0</INDENT>
            <VISIBLE>1</VISIBLE>
            <GROUPMODE>0</GROUPMODE>
            <GROUPINGID>0</GROUPINGID>
            <GROUPMEMBERSONLY>0</GROUPMEMBERSONLY>
            <IDNUMBER>$@NULL@$</IDNUMBER>
            <ROLES_OVERRIDES>
            </ROLES_OVERRIDES>
            <ROLES_ASSIGNMENTS>
            </ROLES_ASSIGNMENTS>
          </MOD>
        </MODS>
      </SECTION>
      <SECTION>
        <ID>37</ID>
        <NUMBER>2</NUMBER>
        <SUMMARY></SUMMARY>
        <VISIBLE>1</VISIBLE>
        <MODS>
          <MOD>
            <GUID>2d58d0c09b16cea657d0e3958f13abd75e1589b6</GUID>
            <ID>30</ID>
            <TYPE>label</TYPE>
            <INSTANCE>11</INSTANCE>
            <ADDED>1214988858</ADDED>
            <SCORE>0</SCORE>
            <INDENT>0</INDENT>
            <VISIBLE>1</VISIBLE>
            <GROUPMODE>0</GROUPMODE>
            <GROUPINGID>0</GROUPINGID>
            <GROUPMEMBERSONLY>0</GROUPMEMBERSONLY>
            <IDNUMBER>$@NULL@$</IDNUMBER>
            <ROLES_OVERRIDES>
            </ROLES_OVERRIDES>
            <ROLES_ASSIGNMENTS>
            </ROLES_ASSIGNMENTS>
          </MOD>
          <MOD>
            <GUID>f7d630e898fb6af1b37dd57a8b0eb440c483f16d</GUID>
            <ID>31</ID>
            <TYPE>resource</TYPE>
            <INSTANCE>8</INSTANCE>
            <ADDED>1214988955</ADDED>
            <SCORE>0</SCORE>
            <INDENT>0</INDENT>
            <VISIBLE>1</VISIBLE>
            <GROUPMODE>0</GROUPMODE>
            <GROUPINGID>0</GROUPINGID>
            <GROUPMEMBERSONLY>0</GROUPMEMBERSONLY>
            <IDNUMBER></IDNUMBER>
            <ROLES_OVERRIDES>
            </ROLES_OVERRIDES>
            <ROLES_ASSIGNMENTS>
            </ROLES_ASSIGNMENTS>
          </MOD>
        </MODS>
      </SECTION>
      <SECTION>
        <ID>38</ID>
        <NUMBER>3</NUMBER>
        <SUMMARY></SUMMARY>
        <VISIBLE>1</VISIBLE>
        <MODS>
          <MOD>
            <GUID>cbfbaef1737a694ba810e895ad804d0815f140d9</GUID>
            <ID>33</ID>
            <TYPE>quiz</TYPE>
            <INSTANCE>2</INSTANCE>
            <ADDED>1215682085</ADDED>
            <SCORE>0</SCORE>
            <INDENT>0</INDENT>
            <VISIBLE>1</VISIBLE>
            <GROUPMODE>0</GROUPMODE>
            <GROUPINGID>0</GROUPINGID>
            <GROUPMEMBERSONLY>0</GROUPMEMBERSONLY>
            <IDNUMBER></IDNUMBER>
            <ROLES_OVERRIDES>
            </ROLES_OVERRIDES>
            <ROLES_ASSIGNMENTS>
            </ROLES_ASSIGNMENTS>
          </MOD>
        </MODS>
      </SECTION>
      <SECTION>
        <ID>39</ID>
        <NUMBER>4</NUMBER>
        <SUMMARY></SUMMARY>
        <VISIBLE>1</VISIBLE>
      </SECTION>
      <SECTION>
        <ID>40</ID>
        <NUMBER>5</NUMBER>
        <SUMMARY></SUMMARY>
        <VISIBLE>1</VISIBLE>
      </SECTION>
      <SECTION>
        <ID>41</ID>
        <NUMBER>6</NUMBER>
        <SUMMARY></SUMMARY>
        <VISIBLE>1</VISIBLE>
      </SECTION>
      <SECTION>
        <ID>42</ID>
        <NUMBER>7</NUMBER>
        <SUMMARY></SUMMARY>
        <VISIBLE>1</VISIBLE>
      </SECTION>
      <SECTION>
        <ID>43</ID>
        <NUMBER>8</NUMBER>
        <SUMMARY></SUMMARY>
        <VISIBLE>1</VISIBLE>
      </SECTION>
      <SECTION>
        <ID>44</ID>
        <NUMBER>9</NUMBER>
        <SUMMARY></SUMMARY>
        <VISIBLE>1</VISIBLE>
      </SECTION>
      <SECTION>
        <ID>45</ID>
        <NUMBER>10</NUMBER>
        <SUMMARY></SUMMARY>
        <VISIBLE>1</VISIBLE>
      </SECTION>
    </SECTIONS>
    <USERS>
      <USER>
        <ID>2</ID>
        <AUTH>manual</AUTH>
        <CONFIRMED>1</CONFIRMED>
        <POLICYAGREED>0</POLICYAGREED>
        <DELETED>0</DELETED>
        <USERNAME>admin</USERNAME>
        <PASSWORD>77dd63ea2cf28ef04e100640835a0dda</PASSWORD>
        <IDNUMBER></IDNUMBER>
        <FIRSTNAME>Admin</FIRSTNAME>
        <LASTNAME>User</LASTNAME>
        <EMAIL>no-reply@open.ac.uk</EMAIL>
        <EMAILSTOP>0</EMAILSTOP>
        <ICQ></ICQ>
        <SKYPE></SKYPE>
        <YAHOO></YAHOO>
        <AIM></AIM>
        <MSN></MSN>
        <PHONE1></PHONE1>
        <PHONE2></PHONE2>
        <INSTITUTION></INSTITUTION>
        <DEPARTMENT></DEPARTMENT>
        <ADDRESS></ADDRESS>
        <CITY>Milton Keynes</CITY>
        <COUNTRY>GB</COUNTRY>
        <LANG>en_utf8</LANG>
        <THEME></THEME>
        <TIMEZONE>99</TIMEZONE>
        <FIRSTACCESS>0</FIRSTACCESS>
        <LASTACCESS>1215682215</LASTACCESS>
        <LASTLOGIN>1214988811</LASTLOGIN>
        <CURRENTLOGIN>1215681988</CURRENTLOGIN>
        <LASTIP>127.0.0.1</LASTIP>
        <SECRET></SECRET>
        <PICTURE>0</PICTURE>
        <URL></URL>
        <DESCRIPTION></DESCRIPTION>
        <MAILFORMAT>1</MAILFORMAT>
        <MAILDIGEST>0</MAILDIGEST>
        <MAILDISPLAY>1</MAILDISPLAY>
        <HTMLEDITOR>1</HTMLEDITOR>
        <AJAX>1</AJAX>
        <AUTOSUBSCRIBE>1</AUTOSUBSCRIBE>
        <TRACKFORUMS>0</TRACKFORUMS>
        <TIMEMODIFIED>1211294344</TIMEMODIFIED>
        <ROLES>
          <ROLE>
            <TYPE>needed</TYPE>
          </ROLE>
        </ROLES>
        <USER_PREFERENCES>
          <USER_PREFERENCE>
            <NAME>auth_forcepasswordchange</NAME>
            <VALUE>0</VALUE>
          </USER_PREFERENCE>
          <USER_PREFERENCE>
            <NAME>email_bounce_count</NAME>
            <VALUE>1</VALUE>
          </USER_PREFERENCE>
          <USER_PREFERENCE>
            <NAME>email_send_count</NAME>
            <VALUE>1</VALUE>
          </USER_PREFERENCE>
        </USER_PREFERENCES>
        <ROLES_OVERRIDES>
        </ROLES_OVERRIDES>
        <ROLES_ASSIGNMENTS>
        </ROLES_ASSIGNMENTS>
      </USER>
    </USERS>
    <QUESTION_CATEGORIES>
      <QUESTION_CATEGORY>
        <ID>1</ID>
        <NAME>Default for test quiz</NAME>
        <INFO>The default category for questions shared in context 'test quiz'.</INFO>
        <CONTEXT>
          <LEVEL>module</LEVEL>
          <INSTANCE>33</INSTANCE>
        </CONTEXT>
        <STAMP>localhost+080710092807+FW15VX</STAMP>
        <PARENT>0</PARENT>
        <SORTORDER>999</SORTORDER>
      </QUESTION_CATEGORY>
      <QUESTION_CATEGORY>
        <ID>2</ID>
        <NAME>Default for SRV 20080619 09:02</NAME>
        <INFO>The default category for questions shared in context 'SRV 20080619 09:02'.</INFO>
        <CONTEXT>
          <LEVEL>course</LEVEL>
        </CONTEXT>
        <STAMP>localhost+080710092807+h960Lj</STAMP>
        <PARENT>0</PARENT>
        <SORTORDER>999</SORTORDER>
        <QUESTIONS>
          <QUESTION>
            <ID>1</ID>
            <PARENT>0</PARENT>
            <NAME>test description</NAME>
            <QUESTIONTEXT>This is a test description for mobile moodle</QUESTIONTEXT>
            <QUESTIONTEXTFORMAT>1</QUESTIONTEXTFORMAT>
            <IMAGE></IMAGE>
            <GENERALFEEDBACK></GENERALFEEDBACK>
            <DEFAULTGRADE>0</DEFAULTGRADE>
            <PENALTY>0</PENALTY>
            <QTYPE>description</QTYPE>
            <LENGTH>0</LENGTH>
            <STAMP>localhost+080710092841+ZzeJuD</STAMP>
            <VERSION>localhost+080710092841+b0Fm77</VERSION>
            <HIDDEN>0</HIDDEN>
            <TIMECREATED>1215682121</TIMECREATED>
            <TIMEMODIFIED>1215682121</TIMEMODIFIED>
            <CREATEDBY>2</CREATEDBY>
            <MODIFIEDBY>2</MODIFIEDBY>
          </QUESTION>
          <QUESTION>
            <ID>2</ID>
            <PARENT>0</PARENT>
            <NAME>test essay type question</NAME>
            <QUESTIONTEXT>Please type something?</QUESTIONTEXT>
            <QUESTIONTEXTFORMAT>1</QUESTIONTEXTFORMAT>
            <IMAGE></IMAGE>
            <GENERALFEEDBACK></GENERALFEEDBACK>
            <DEFAULTGRADE>1</DEFAULTGRADE>
            <PENALTY>0</PENALTY>
            <QTYPE>essay</QTYPE>
            <LENGTH>1</LENGTH>
            <STAMP>localhost+080710092913+1gmBu1</STAMP>
            <VERSION>localhost+080710092913+l62RnW</VERSION>
            <HIDDEN>0</HIDDEN>
            <TIMECREATED>1215682153</TIMECREATED>
            <TIMEMODIFIED>1215682153</TIMEMODIFIED>
            <CREATEDBY>2</CREATEDBY>
            <MODIFIEDBY>2</MODIFIEDBY>
            <ANSWERS>
              <ANSWER>
                <ID>1</ID>
                <ANSWER_TEXT></ANSWER_TEXT>
                <FRACTION>0</FRACTION>
                <FEEDBACK></FEEDBACK>
              </ANSWER>
            </ANSWERS>
          </QUESTION>
        </QUESTIONS>
      </QUESTION_CATEGORY>
    </QUESTION_CATEGORIES>
    <GRADEBOOK>
      <GRADE_CATEGORIES>
        <GRADE_CATEGORY>
          <ID>4</ID>
          <PARENT>$@NULL@$</PARENT>
          <FULLNAME>?</FULLNAME>
          <AGGREGATION>11</AGGREGATION>
          <KEEPHIGH>0</KEEPHIGH>
          <DROPLOW>0</DROPLOW>
          <AGGREGATEONLYGRADED>1</AGGREGATEONLYGRADED>
          <AGGREGATEOUTCOMES>0</AGGREGATEOUTCOMES>
          <AGGREGATESUBCATS>0</AGGREGATESUBCATS>
          <TIMECREATED>1213862709</TIMECREATED>
          <TIMEMODIFIED>1213862710</TIMEMODIFIED>
        </GRADE_CATEGORY>
      </GRADE_CATEGORIES>
      <GRADE_ITEMS>
        <GRADE_ITEM>
          <ID>5</ID>
          <CATEGORYID>$@NULL@$</CATEGORYID>
          <ITEMNAME>$@NULL@$</ITEMNAME>
          <ITEMTYPE>course</ITEMTYPE>
          <ITEMMODULE>$@NULL@$</ITEMMODULE>
          <ITEMINSTANCE>4</ITEMINSTANCE>
          <ITEMNUMBER>$@NULL@$</ITEMNUMBER>
          <ITEMINFO>$@NULL@$</ITEMINFO>
          <IDNUMBER>$@NULL@$</IDNUMBER>
          <CALCULATION>$@NULL@$</CALCULATION>
          <GRADETYPE>1</GRADETYPE>
          <GRADEMAX>100.00000</GRADEMAX>
          <GRADEMIN>0.00000</GRADEMIN>
          <SCALEID>$@NULL@$</SCALEID>
          <OUTCOMEID>$@NULL@$</OUTCOMEID>
          <GRADEPASS>0.00000</GRADEPASS>
          <MULTFACTOR>1.00000</MULTFACTOR>
          <PLUSFACTOR>0.00000</PLUSFACTOR>
          <AGGREGATIONCOEF>0.00000</AGGREGATIONCOEF>
          <DISPLAY>0</DISPLAY>
          <DECIMALS>$@NULL@$</DECIMALS>
          <HIDDEN>0</HIDDEN>
          <LOCKED>0</LOCKED>
          <LOCKTIME>0</LOCKTIME>
          <NEEDSUPDATE>0</NEEDSUPDATE>
          <TIMECREATED>1213862709</TIMECREATED>
          <TIMEMODIFIED>1213862709</TIMEMODIFIED>
        </GRADE_ITEM>
        <GRADE_ITEM>
          <ID>6</ID>
          <CATEGORYID>4</CATEGORYID>
          <ITEMNAME>test quiz</ITEMNAME>
          <ITEMTYPE>mod</ITEMTYPE>
          <ITEMMODULE>quiz</ITEMMODULE>
          <ITEMINSTANCE>2</ITEMINSTANCE>
          <ITEMNUMBER>0</ITEMNUMBER>
          <ITEMINFO>$@NULL@$</ITEMINFO>
          <IDNUMBER></IDNUMBER>
          <CALCULATION>$@NULL@$</CALCULATION>
          <GRADETYPE>1</GRADETYPE>
          <GRADEMAX>1.00000</GRADEMAX>
          <GRADEMIN>0.00000</GRADEMIN>
          <SCALEID>$@NULL@$</SCALEID>
          <OUTCOMEID>$@NULL@$</OUTCOMEID>
          <GRADEPASS>0.00000</GRADEPASS>
          <MULTFACTOR>1.00000</MULTFACTOR>
          <PLUSFACTOR>0.00000</PLUSFACTOR>
          <AGGREGATIONCOEF>0.00000</AGGREGATIONCOEF>
          <DISPLAY>0</DISPLAY>
          <DECIMALS>$@NULL@$</DECIMALS>
          <HIDDEN>0</HIDDEN>
          <LOCKED>0</LOCKED>
          <LOCKTIME>0</LOCKTIME>
          <NEEDSUPDATE>0</NEEDSUPDATE>
          <TIMECREATED>1215682085</TIMECREATED>
          <TIMEMODIFIED>1215682167</TIMEMODIFIED>
        </GRADE_ITEM>
      </GRADE_ITEMS>
    </GRADEBOOK>
    <MODULES>
      <MOD>
        <GUID>c1a337eb3b36be820bc7441579cbdbb0b52fdd6e</GUID>
        <ID>5</ID>
        <MODTYPE>forum</MODTYPE>
        <TYPE>news</TYPE>
        <NAME>News forum</NAME>
        <INTRO>General news and announcements</INTRO>
        <ASSESSED>0</ASSESSED>
        <ASSESSTIMESTART>0</ASSESSTIMESTART>
        <ASSESSTIMEFINISH>0</ASSESSTIMEFINISH>
        <MAXBYTES>0</MAXBYTES>
        <SCALE>0</SCALE>
        <FORCESUBSCRIBE>1</FORCESUBSCRIBE>
        <TRACKINGTYPE>1</TRACKINGTYPE>
        <RSSTYPE>0</RSSTYPE>
        <RSSARTICLES>0</RSSARTICLES>
        <TIMEMODIFIED>1213862604</TIMEMODIFIED>
        <WARNAFTER>0</WARNAFTER>
        <BLOCKAFTER>0</BLOCKAFTER>
        <BLOCKPERIOD>0</BLOCKPERIOD>
      </MOD>
      <MOD>
        <ID>9</ID>
        <MODTYPE>label</MODTYPE>
        <NAME>label 20080619 09:05 </NAME>
        <CONTENT>label 20080619 09:05 </CONTENT>
        <TIMEMODIFIED>1213862709</TIMEMODIFIED>
      </MOD>
      <MOD>
        <ID>10</ID>
        <MODTYPE>label</MODTYPE>
        <NAME>Label 20080619 09:08 </NAME>
        <CONTENT>Label 20080619 09:08 </CONTENT>
        <TIMEMODIFIED>1213862922</TIMEMODIFIED>
      </MOD>
      <MOD>
        <ID>11</ID>
        <MODTYPE>label</MODTYPE>
        <NAME>20080702 09:54 </NAME>
        <CONTENT>20080702 09:54 </CONTENT>
        <TIMEMODIFIED>1214988858</TIMEMODIFIED>
      </MOD>
      <MOD>
        <ID>2</ID>
        <MODTYPE>quiz</MODTYPE>
        <NAME>test quiz</NAME>
        <INTRO>This is a test quiz </INTRO>
        <TIMEOPEN>1215644400</TIMEOPEN>
        <TIMECLOSE>0</TIMECLOSE>
        <OPTIONFLAGS>1</OPTIONFLAGS>
        <PENALTYSCHEME>1</PENALTYSCHEME>
        <ATTEMPTS_NUMBER>1</ATTEMPTS_NUMBER>
        <ATTEMPTONLAST>0</ATTEMPTONLAST>
        <GRADEMETHOD>1</GRADEMETHOD>
        <DECIMALPOINTS>2</DECIMALPOINTS>
        <REVIEW>4652015</REVIEW>
        <QUESTIONSPERPAGE>1</QUESTIONSPERPAGE>
        <SHUFFLEQUESTIONS>0</SHUFFLEQUESTIONS>
        <SHUFFLEANSWERS>1</SHUFFLEANSWERS>
        <QUESTIONS>1,0,2,0</QUESTIONS>
        <SUMGRADES>1</SUMGRADES>
        <GRADE>1</GRADE>
        <TIMECREATED>0</TIMECREATED>
        <TIMEMODIFIED>1215682085</TIMEMODIFIED>
        <TIMELIMIT>0</TIMELIMIT>
        <PASSWORD></PASSWORD>
        <SUBNET></SUBNET>
        <POPUP>0</POPUP>
        <DELAY1>0</DELAY1>
        <DELAY2>0</DELAY2>
        <QUESTION_INSTANCES>
          <QUESTION_INSTANCE>
            <ID>1</ID>
            <QUESTION>1</QUESTION>
            <GRADE>0</GRADE>
          </QUESTION_INSTANCE>
          <QUESTION_INSTANCE>
            <ID>2</ID>
            <QUESTION>2</QUESTION>
            <GRADE>1</GRADE>
          </QUESTION_INSTANCE>
        </QUESTION_INSTANCES>
        <FEEDBACKS>
          <FEEDBACK>
            <ID>2</ID>
            <QUIZID>2</QUIZID>
            <FEEDBACKTEXT></FEEDBACKTEXT>
            <MINGRADE>0</MINGRADE>
            <MAXGRADE>1.1</MAXGRADE>
          </FEEDBACK>
        </FEEDBACKS>
        <ATTEMPTS>
          <ATTEMPT>
            <ID>1</ID>
            <UNIQUEID>1</UNIQUEID>
            <USERID>2</USERID>
            <ATTEMPTNUM>1</ATTEMPTNUM>
            <SUMGRADES>0</SUMGRADES>
            <TIMESTART>1215682175</TIMESTART>
            <TIMEFINISH>1215682214</TIMEFINISH>
            <TIMEMODIFIED>1215682175</TIMEMODIFIED>
            <LAYOUT>1,0,2,0</LAYOUT>
            <PREVIEW>1</PREVIEW>
            <STATES>
              <STATE>
                <ID>1</ID>
                <QUESTION>1</QUESTION>
                <ORIGINALQUESTION>0</ORIGINALQUESTION>
                <SEQ_NUMBER>0</SEQ_NUMBER>
                <ANSWER></ANSWER>
                <TIMESTAMP>1215682175</TIMESTAMP>
                <EVENT>0</EVENT>
                <GRADE>0</GRADE>
                <RAW_GRADE>0</RAW_GRADE>
                <PENALTY>0</PENALTY>
              </STATE>
              <STATE>
                <ID>2</ID>
                <QUESTION>2</QUESTION>
                <ORIGINALQUESTION>0</ORIGINALQUESTION>
                <SEQ_NUMBER>0</SEQ_NUMBER>
                <ANSWER></ANSWER>
                <TIMESTAMP>1215682175</TIMESTAMP>
                <EVENT>0</EVENT>
                <GRADE>0</GRADE>
                <RAW_GRADE>0</RAW_GRADE>
                <PENALTY>0</PENALTY>
              </STATE>
              <STATE>
                <ID>3</ID>
                <QUESTION>2</QUESTION>
                <ORIGINALQUESTION>0</ORIGINALQUESTION>
                <SEQ_NUMBER>1</SEQ_NUMBER>
                <ANSWER>gjkgjhgkjg </ANSWER>
                <TIMESTAMP>1215682196</TIMESTAMP>
                <EVENT>7</EVENT>
                <GRADE>0</GRADE>
                <RAW_GRADE>0</RAW_GRADE>
                <PENALTY>0</PENALTY>
              </STATE>
              <STATE>
                <ID>4</ID>
                <QUESTION>2</QUESTION>
                <ORIGINALQUESTION>0</ORIGINALQUESTION>
                <SEQ_NUMBER>2</SEQ_NUMBER>
                <ANSWER> gjkgjhgkjg </ANSWER>
                <TIMESTAMP>1215682202</TIMESTAMP>
                <EVENT>7</EVENT>
                <GRADE>0</GRADE>
                <RAW_GRADE>0</RAW_GRADE>
                <PENALTY>0</PENALTY>
              </STATE>
              <STATE>
                <ID>5</ID>
                <QUESTION>2</QUESTION>
                <ORIGINALQUESTION>0</ORIGINALQUESTION>
                <SEQ_NUMBER>3</SEQ_NUMBER>
                <ANSWER> gjkgjhgkjg </ANSWER>
                <TIMESTAMP>1215682214</TIMESTAMP>
                <EVENT>8</EVENT>
                <GRADE>0</GRADE>
                <RAW_GRADE>0</RAW_GRADE>
                <PENALTY>0</PENALTY>
              </STATE>
              <STATE>
                <ID>6</ID>
                <QUESTION>1</QUESTION>
                <ORIGINALQUESTION>0</ORIGINALQUESTION>
                <SEQ_NUMBER>1</SEQ_NUMBER>
                <ANSWER></ANSWER>
                <TIMESTAMP>1215682175</TIMESTAMP>
                <EVENT>8</EVENT>
                <GRADE>0</GRADE>
                <RAW_GRADE>0</RAW_GRADE>
                <PENALTY>0</PENALTY>
              </STATE>
            </STATES>
            <NEWEST_STATES>
              <NEWEST_STATE>
                <ID>1</ID>
                <QUESTIONID>1</QUESTIONID>
                <NEWEST>6</NEWEST>
                <NEWGRADED>1</NEWGRADED>
                <SUMPENALTY>0</SUMPENALTY>
                <MANUALCOMMENT></MANUALCOMMENT>
              </NEWEST_STATE>
              <NEWEST_STATE>
                <ID>2</ID>
                <QUESTIONID>2</QUESTIONID>
                <NEWEST>5</NEWEST>
                <NEWGRADED>2</NEWGRADED>
                <SUMPENALTY>0</SUMPENALTY>
                <MANUALCOMMENT></MANUALCOMMENT>
              </NEWEST_STATE>
            </NEWEST_STATES>
          </ATTEMPT>
        </ATTEMPTS>
      </MOD>
      <MOD>
        <ID>8</ID>
        <MODTYPE>resource</MODTYPE>
        <NAME>text page 20080702 09:55</NAME>
        <TYPE>text</TYPE>
        <REFERENCE>2</REFERENCE>
        <SUMMARY>sdfsdf </SUMMARY>
        <ALLTEXT>sdfsdf</ALLTEXT>
        <POPUP></POPUP>
        <OPTIONS></OPTIONS>
        <TIMEMODIFIED>1214988955</TIMEMODIFIED>
      </MOD>
    </MODULES>
    <FORMATDATA>
    </FORMATDATA>
  </COURSE>
</MOODLE_BACKUP>
