<?xml version="1.0" encoding="UTF-8"?>
<MOODLE_BACKUP>
  <INFO>
    <NAME>backup-cf101-20070806-1529.zip</NAME>
    <MOODLE_VERSION>2007071900</MOODLE_VERSION>
    <MOODLE_RELEASE>1.9 dev</MOODLE_RELEASE>
    <BACKUP_VERSION>2007022100</BACKUP_VERSION>
    <BACKUP_RELEASE>1.9dev</BACKUP_RELEASE>
    <DATE>1186410558</DATE>
    <ORIGINAL_WWWROOT>http://pclt1048.open.ac.uk/offline/development/client-1.9</ORIGINAL_WWWROOT>
    <ZIP_METHOD>internal</ZIP_METHOD>
    <DETAILS>
      <MOD>
        <NAME>forum</NAME>
        <INCLUDED>true</INCLUDED>
        <USERINFO>true</USERINFO>
        <INSTANCES>
          <INSTANCE>
          <ID>1010000002</ID>
          <NAME>News forum</NAME>
          <INCLUDED>true</INCLUDED>
          <USERINFO>true</USERINFO>
          </INSTANCE>
          <INSTANCE>
          <ID>1010000003</ID>
          <NAME>test forum</NAME>
          <INCLUDED>true</INCLUDED>
          <USERINFO>true</USERINFO>
          </INSTANCE>
        </INSTANCES>
      </MOD>
      <METACOURSE>true</METACOURSE>
      <USERS>course</USERS>
      <LOGS>false</LOGS>
      <USERFILES>true</USERFILES>
      <COURSEFILES>true</COURSEFILES>
      <MESSAGES>false</MESSAGES>
      <BLOCKFORMAT>instances</BLOCKFORMAT>
    </DETAILS>
  </INFO>
  <ROLES>
    <ROLE>
      <ID>1010000001</ID>
      <NAME>Administrator</NAME>
      <SHORTNAME>admin</SHORTNAME>
      <CAPABILITIES>
        <CAPABILITY>
          <NAME>moodle/user:viewusergrades</NAME>
          <PERMISSION>1</PERMISSION>
          <TIMEMODIFIED>1185868748</TIMEMODIFIED>
          <MODIFIERID>1010000002</MODIFIERID>
        </CAPABILITY>
        <CAPABILITY>
          <NAME>moodle/user:viewuseractivitiesreport</NAME>
          <PERMISSION>1</PERMISSION>
          <TIMEMODIFIED>1185868748</TIMEMODIFIED>
          <MODIFIERID>1010000002</MODIFIERID>
        </CAPABILITY>
        <CAPABILITY>
          <NAME>moodle/user:viewhiddendetails</NAME>
          <PERMISSION>1</PERMISSION>
          <TIMEMODIFIED>1185868748</TIMEMODIFIED>
          <MODIFIERID>1010000002</MODIFIERID>
        </CAPABILITY>
        <CAPABILITY>
          <NAME>moodle/user:viewdetails</NAME>
          <PERMISSION>1</PERMISSION>
          <TIMEMODIFIED>1185868748</TIMEMODIFIED>
          <MODIFIERID>1010000002</MODIFIERID>
        </CAPABILITY>
        <CAPABILITY>
          <NAME>moodle/user:update</NAME>
          <PERMISSION>1</PERMISSION>
          <TIMEMODIFIED>1185868748</TIMEMODIFIED>
          <MODIFIERID>1010000002</MODIFIERID>
        </CAPABILITY>
        <CAPABILITY>
          <NAME>moodle/user:readuserposts</NAME>
          <PERMISSION>1</PERMISSION>
          <TIMEMODIFIED>1185868748</TIMEMODIFIED>
          <MODIFIERID>1010000002</MODIFIERID>
        </CAPABILITY>
        <CAPABILITY>
          <NAME>moodle/user:readuserblogs</NAME>
          <PERMISSION>1</PERMISSION>
          <TIMEMODIFIED>1185868748</TIMEMODIFIED>
          <MODIFIERID>1010000002</MODIFIERID>
        </CAPABILITY>
        <CAPABILITY>
          <NAME>moodle/user:loginas</NAME>
          <PERMISSION>1</PERMISSION>
          <TIMEMODIFIED>1185868748</TIMEMODIFIED>
          <MODIFIERID>1010000002</MODIFIERID>
        </CAPABILITY>
        <CAPABILITY>
          <NAME>moodle/user:editprofile</NAME>
          <PERMISSION>1</PERMISSION>
          <TIMEMODIFIED>1185868748</TIMEMODIFIED>
          <MODIFIERID>1010000002</MODIFIERID>
        </CAPABILITY>
        <CAPABILITY>
          <NAME>moodle/user:editownprofile</NAME>
          <PERMISSION>1</PERMISSION>
          <TIMEMODIFIED>1185868748</TIMEMODIFIED>
          <MODIFIERID>1010000002</MODIFIERID>
        </CAPABILITY>
        <CAPABILITY>
          <NAME>moodle/user:delete</NAME>
          <PERMISSION>1</PERMISSION>
          <TIMEMODIFIED>1185868748</TIMEMODIFIED>
          <MODIFIERID>1010000002</MODIFIERID>
        </CAPABILITY>
        <CAPABILITY>
          <NAME>moodle/user:create</NAME>
          <PERMISSION>1</PERMISSION>
          <TIMEMODIFIED>1185868748</TIMEMODIFIED>
          <MODIFIERID>1010000002</MODIFIERID>
        </CAPABILITY>
        <CAPABILITY>
          <NAME>moodle/user:changeownpassword</NAME>
          <PERMISSION>1</PERMISSION>
          <TIMEMODIFIED>1185868748</TIMEMODIFIED>
          <MODIFIERID>1010000002</MODIFIERID>
        </CAPABILITY>
        <CAPABILITY>
          <NAME>moodle/site:viewreports</NAME>
          <PERMISSION>1</PERMISSION>
          <TIMEMODIFIED>1185868748</TIMEMODIFIED>
          <MODIFIERID>1010000002</MODIFIERID>
        </CAPABILITY>
        <CAPABILITY>
          <NAME>moodle/site:viewfullnames</NAME>
          <PERMISSION>1</PERMISSION>
          <TIMEMODIFIED>1185868748</TIMEMODIFIED>
          <MODIFIERID>1010000002</MODIFIERID>
        </CAPABILITY>
        <CAPABILITY>
          <NAME>moodle/site:uploadusers</NAME>
          <PERMISSION>1</PERMISSION>
          <TIMEMODIFIED>1185868748</TIMEMODIFIED>
          <MODIFIERID>1010000002</MODIFIERID>
        </CAPABILITY>
        <CAPABILITY>
          <NAME>moodle/site:trustcontent</NAME>
          <PERMISSION>1</PERMISSION>
          <TIMEMODIFIED>1185868748</TIMEMODIFIED>
          <MODIFIERID>1010000002</MODIFIERID>
        </CAPABILITY>
        <CAPABILITY>
          <NAME>moodle/site:restore</NAME>
          <PERMISSION>1</PERMISSION>
          <TIMEMODIFIED>1185868748</TIMEMODIFIED>
          <MODIFIERID>1010000002</MODIFIERID>
        </CAPABILITY>
        <CAPABILITY>
          <NAME>moodle/site:readallmessages</NAME>
          <PERMISSION>1</PERMISSION>
          <TIMEMODIFIED>1185868748</TIMEMODIFIED>
          <MODIFIERID>1010000002</MODIFIERID>
        </CAPABILITY>
        <CAPABILITY>
          <NAME>moodle/site:mnetlogintoremote</NAME>
          <PERMISSION>1</PERMISSION>
          <TIMEMODIFIED>1185868748</TIMEMODIFIED>
          <MODIFIERID>1010000002</MODIFIERID>
        </CAPABILITY>
        <CAPABILITY>
          <NAME>moodle/site:manageblocks</NAME>
          <PERMISSION>1</PERMISSION>
          <TIMEMODIFIED>1185868748</TIMEMODIFIED>
          <MODIFIERID>1010000002</MODIFIERID>
        </CAPABILITY>
        <CAPABILITY>
          <NAME>moodle/site:import</NAME>
          <PERMISSION>1</PERMISSION>
          <TIMEMODIFIED>1185868748</TIMEMODIFIED>
          <MODIFIERID>1010000002</MODIFIERID>
        </CAPABILITY>
        <CAPABILITY>
          <NAME>moodle/site:doclinks</NAME>
          <PERMISSION>1</PERMISSION>
          <TIMEMODIFIED>1185868748</TIMEMODIFIED>
          <MODIFIERID>1010000002</MODIFIERID>
        </CAPABILITY>
        <CAPABILITY>
          <NAME>moodle/site:doanything</NAME>
          <PERMISSION>1</PERMISSION>
          <TIMEMODIFIED>1185868748</TIMEMODIFIED>
          <MODIFIERID>1010000002</MODIFIERID>
        </CAPABILITY>
        <CAPABILITY>
          <NAME>moodle/site:config</NAME>
          <PERMISSION>1</PERMISSION>
          <TIMEMODIFIED>1185868748</TIMEMODIFIED>
          <MODIFIERID>1010000002</MODIFIERID>
        </CAPABILITY>
        <CAPABILITY>
          <NAME>moodle/site:backup</NAME>
          <PERMISSION>1</PERMISSION>
          <TIMEMODIFIED>1185868748</TIMEMODIFIED>
          <MODIFIERID>1010000002</MODIFIERID>
        </CAPABILITY>
        <CAPABILITY>
          <NAME>moodle/site:approvecourse</NAME>
          <PERMISSION>1</PERMISSION>
          <TIMEMODIFIED>1185868748</TIMEMODIFIED>
          <MODIFIERID>1010000002</MODIFIERID>
        </CAPABILITY>
        <CAPABILITY>
          <NAME>moodle/site:accessallgroups</NAME>
          <PERMISSION>1</PERMISSION>
          <TIMEMODIFIED>1185868748</TIMEMODIFIED>
          <MODIFIERID>1010000002</MODIFIERID>
        </CAPABILITY>
        <CAPABILITY>
          <NAME>moodle/role:viewhiddenassigns</NAME>
          <PERMISSION>1</PERMISSION>
          <TIMEMODIFIED>1185868748</TIMEMODIFIED>
          <MODIFIERID>1010000002</MODIFIERID>
        </CAPABILITY>
        <CAPABILITY>
          <NAME>moodle/role:unassignself</NAME>
          <PERMISSION>1</PERMISSION>
          <TIMEMODIFIED>1185868748</TIMEMODIFIED>
          <MODIFIERID>1010000002</MODIFIERID>
        </CAPABILITY>
        <CAPABILITY>
          <NAME>moodle/role:switchroles</NAME>
          <PERMISSION>1</PERMISSION>
          <TIMEMODIFIED>1185868748</TIMEMODIFIED>
          <MODIFIERID>1010000002</MODIFIERID>
        </CAPABILITY>
        <CAPABILITY>
          <NAME>moodle/role:override</NAME>
          <PERMISSION>1</PERMISSION>
          <TIMEMODIFIED>1185868748</TIMEMODIFIED>
          <MODIFIERID>1010000002</MODIFIERID>
        </CAPABILITY>
        <CAPABILITY>
          <NAME>moodle/role:manage</NAME>
          <PERMISSION>1</PERMISSION>
          <TIMEMODIFIED>1185868748</TIMEMODIFIED>
          <MODIFIERID>1010000002</MODIFIERID>
        </CAPABILITY>
        <CAPABILITY>
          <NAME>moodle/role:assign</NAME>
          <PERMISSION>1</PERMISSION>
          <TIMEMODIFIED>1185868748</TIMEMODIFIED>
          <MODIFIERID>1010000002</MODIFIERID>
        </CAPABILITY>
        <CAPABILITY>
          <NAME>moodle/question:managecategory</NAME>
          <PERMISSION>1</PERMISSION>
          <TIMEMODIFIED>1185868748</TIMEMODIFIED>
          <MODIFIERID>1010000002</MODIFIERID>
        </CAPABILITY>
        <CAPABILITY>
          <NAME>moodle/question:manage</NAME>
          <PERMISSION>1</PERMISSION>
          <TIMEMODIFIED>1185868748</TIMEMODIFIED>
          <MODIFIERID>1010000002</MODIFIERID>
        </CAPABILITY>
        <CAPABILITY>
          <NAME>moodle/question:import</NAME>
          <PERMISSION>1</PERMISSION>
          <TIMEMODIFIED>1185868748</TIMEMODIFIED>
          <MODIFIERID>1010000002</MODIFIERID>
        </CAPABILITY>
        <CAPABILITY>
          <NAME>moodle/question:export</NAME>
          <PERMISSION>1</PERMISSION>
          <TIMEMODIFIED>1185868748</TIMEMODIFIED>
          <MODIFIERID>1010000002</MODIFIERID>
        </CAPABILITY>
        <CAPABILITY>
          <NAME>moodle/question:config</NAME>
          <PERMISSION>1</PERMISSION>
          <TIMEMODIFIED>1185868748</TIMEMODIFIED>
          <MODIFIERID>1010000002</MODIFIERID>
        </CAPABILITY>
        <CAPABILITY>
          <NAME>moodle/notes:view</NAME>
          <PERMISSION>1</PERMISSION>
          <TIMEMODIFIED>1185868748</TIMEMODIFIED>
          <MODIFIERID>1010000002</MODIFIERID>
        </CAPABILITY>
        <CAPABILITY>
          <NAME>moodle/notes:manage</NAME>
          <PERMISSION>1</PERMISSION>
          <TIMEMODIFIED>1185868749</TIMEMODIFIED>
          <MODIFIERID>1010000002</MODIFIERID>
        </CAPABILITY>
        <CAPABILITY>
          <NAME>moodle/legacy:admin</NAME>
          <PERMISSION>1</PERMISSION>
          <TIMEMODIFIED>1185868748</TIMEMODIFIED>
          <MODIFIERID>1010000002</MODIFIERID>
        </CAPABILITY>
        <CAPABILITY>
          <NAME>moodle/grade:viewhidden</NAME>
          <PERMISSION>1</PERMISSION>
          <TIMEMODIFIED>1185868748</TIMEMODIFIED>
          <MODIFIERID>1010000002</MODIFIERID>
        </CAPABILITY>
        <CAPABILITY>
          <NAME>moodle/grade:lock</NAME>
          <PERMISSION>1</PERMISSION>
          <TIMEMODIFIED>1185868748</TIMEMODIFIED>
          <MODIFIERID>1010000002</MODIFIERID>
        </CAPABILITY>
        <CAPABILITY>
          <NAME>moodle/grade:hide</NAME>
          <PERMISSION>1</PERMISSION>
          <TIMEMODIFIED>1185868748</TIMEMODIFIED>
          <MODIFIERID>1010000002</MODIFIERID>
        </CAPABILITY>
        <CAPABILITY>
          <NAME>moodle/grade:editlocked</NAME>
          <PERMISSION>1</PERMISSION>
          <TIMEMODIFIED>1185868748</TIMEMODIFIED>
          <MODIFIERID>1010000002</MODIFIERID>
        </CAPABILITY>
        <CAPABILITY>
          <NAME>moodle/course:visibility</NAME>
          <PERMISSION>1</PERMISSION>
          <TIMEMODIFIED>1185868748</TIMEMODIFIED>
          <MODIFIERID>1010000002</MODIFIERID>
        </CAPABILITY>
        <CAPABILITY>
          <NAME>moodle/course:viewscales</NAME>
          <PERMISSION>1</PERMISSION>
          <TIMEMODIFIED>1185868748</TIMEMODIFIED>
          <MODIFIERID>1010000002</MODIFIERID>
        </CAPABILITY>
        <CAPABILITY>
          <NAME>moodle/course:viewparticipants</NAME>
          <PERMISSION>1</PERMISSION>
          <TIMEMODIFIED>1185868748</TIMEMODIFIED>
          <MODIFIERID>1010000002</MODIFIERID>
        </CAPABILITY>
        <CAPABILITY>
          <NAME>moodle/course:viewowngrades</NAME>
          <PERMISSION>1</PERMISSION>
          <TIMEMODIFIED>1185868748</TIMEMODIFIED>
          <MODIFIERID>1010000002</MODIFIERID>
        </CAPABILITY>
        <CAPABILITY>
          <NAME>moodle/course:viewhiddenuserfields</NAME>
          <PERMISSION>1</PERMISSION>
          <TIMEMODIFIED>1185868748</TIMEMODIFIED>
          <MODIFIERID>1010000002</MODIFIERID>
        </CAPABILITY>
        <CAPABILITY>
          <NAME>moodle/course:viewhiddensections</NAME>
          <PERMISSION>1</PERMISSION>
          <TIMEMODIFIED>1185868748</TIMEMODIFIED>
          <MODIFIERID>1010000002</MODIFIERID>
        </CAPABILITY>
        <CAPABILITY>
          <NAME>moodle/course:viewhiddencourses</NAME>
          <PERMISSION>1</PERMISSION>
          <TIMEMODIFIED>1185868748</TIMEMODIFIED>
          <MODIFIERID>1010000002</MODIFIERID>
        </CAPABILITY>
        <CAPABILITY>
          <NAME>moodle/course:viewhiddenactivities</NAME>
          <PERMISSION>1</PERMISSION>
          <TIMEMODIFIED>1185868748</TIMEMODIFIED>
          <MODIFIERID>1010000002</MODIFIERID>
        </CAPABILITY>
        <CAPABILITY>
          <NAME>moodle/course:viewcoursegrades</NAME>
          <PERMISSION>1</PERMISSION>
          <TIMEMODIFIED>1185868748</TIMEMODIFIED>
          <MODIFIERID>1010000002</MODIFIERID>
        </CAPABILITY>
        <CAPABILITY>
          <NAME>moodle/course:viewallgrades</NAME>
          <PERMISSION>1</PERMISSION>
          <TIMEMODIFIED>1185868748</TIMEMODIFIED>
          <MODIFIERID>1010000002</MODIFIERID>
        </CAPABILITY>
        <CAPABILITY>
          <NAME>moodle/course:useremail</NAME>
          <PERMISSION>1</PERMISSION>
          <TIMEMODIFIED>1185868748</TIMEMODIFIED>
          <MODIFIERID>1010000002</MODIFIERID>
        </CAPABILITY>
        <CAPABILITY>
          <NAME>moodle/course:update</NAME>
          <PERMISSION>1</PERMISSION>
          <TIMEMODIFIED>1185868748</TIMEMODIFIED>
          <MODIFIERID>1010000002</MODIFIERID>
        </CAPABILITY>
        <CAPABILITY>
          <NAME>moodle/course:setcurrentsection</NAME>
          <PERMISSION>1</PERMISSION>
          <TIMEMODIFIED>1185868748</TIMEMODIFIED>
          <MODIFIERID>1010000002</MODIFIERID>
        </CAPABILITY>
        <CAPABILITY>
          <NAME>moodle/course:sectionvisibility</NAME>
          <PERMISSION>1</PERMISSION>
          <TIMEMODIFIED>1185868748</TIMEMODIFIED>
          <MODIFIERID>1010000002</MODIFIERID>
        </CAPABILITY>
        <CAPABILITY>
          <NAME>moodle/course:reset</NAME>
          <PERMISSION>1</PERMISSION>
          <TIMEMODIFIED>1185868748</TIMEMODIFIED>
          <MODIFIERID>1010000002</MODIFIERID>
        </CAPABILITY>
        <CAPABILITY>
          <NAME>moodle/course:managescales</NAME>
          <PERMISSION>1</PERMISSION>
          <TIMEMODIFIED>1185868748</TIMEMODIFIED>
          <MODIFIERID>1010000002</MODIFIERID>
        </CAPABILITY>
        <CAPABILITY>
          <NAME>moodle/course:managemetacourse</NAME>
          <PERMISSION>1</PERMISSION>
          <TIMEMODIFIED>1185868748</TIMEMODIFIED>
          <MODIFIERID>1010000002</MODIFIERID>
        </CAPABILITY>
        <CAPABILITY>
          <NAME>moodle/course:managegroups</NAME>
          <PERMISSION>1</PERMISSION>
          <TIMEMODIFIED>1185868748</TIMEMODIFIED>
          <MODIFIERID>1010000002</MODIFIERID>
        </CAPABILITY>
        <CAPABILITY>
          <NAME>moodle/course:managegrades</NAME>
          <PERMISSION>1</PERMISSION>
          <TIMEMODIFIED>1185868748</TIMEMODIFIED>
          <MODIFIERID>1010000002</MODIFIERID>
        </CAPABILITY>
        <CAPABILITY>
          <NAME>moodle/course:managefiles</NAME>
          <PERMISSION>1</PERMISSION>
          <TIMEMODIFIED>1185868748</TIMEMODIFIED>
          <MODIFIERID>1010000002</MODIFIERID>
        </CAPABILITY>
        <CAPABILITY>
          <NAME>moodle/course:manageactivities</NAME>
          <PERMISSION>1</PERMISSION>
          <TIMEMODIFIED>1185868748</TIMEMODIFIED>
          <MODIFIERID>1010000002</MODIFIERID>
        </CAPABILITY>
        <CAPABILITY>
          <NAME>moodle/course:downloadallgrades</NAME>
          <PERMISSION>1</PERMISSION>
          <TIMEMODIFIED>1185868748</TIMEMODIFIED>
          <MODIFIERID>1010000002</MODIFIERID>
        </CAPABILITY>
        <CAPABILITY>
          <NAME>moodle/course:delete</NAME>
          <PERMISSION>1</PERMISSION>
          <TIMEMODIFIED>1185868748</TIMEMODIFIED>
          <MODIFIERID>1010000002</MODIFIERID>
        </CAPABILITY>
        <CAPABILITY>
          <NAME>moodle/course:create</NAME>
          <PERMISSION>1</PERMISSION>
          <TIMEMODIFIED>1185868748</TIMEMODIFIED>
          <MODIFIERID>1010000002</MODIFIERID>
        </CAPABILITY>
        <CAPABILITY>
          <NAME>moodle/course:bulkmessaging</NAME>
          <PERMISSION>1</PERMISSION>
          <TIMEMODIFIED>1185868748</TIMEMODIFIED>
          <MODIFIERID>1010000002</MODIFIERID>
        </CAPABILITY>
        <CAPABILITY>
          <NAME>moodle/course:activityvisibility</NAME>
          <PERMISSION>1</PERMISSION>
          <TIMEMODIFIED>1185868748</TIMEMODIFIED>
          <MODIFIERID>1010000002</MODIFIERID>
        </CAPABILITY>
        <CAPABILITY>
          <NAME>moodle/category:visibility</NAME>
          <PERMISSION>1</PERMISSION>
          <TIMEMODIFIED>1185868748</TIMEMODIFIED>
          <MODIFIERID>1010000002</MODIFIERID>
        </CAPABILITY>
        <CAPABILITY>
          <NAME>moodle/category:update</NAME>
          <PERMISSION>1</PERMISSION>
          <TIMEMODIFIED>1185868748</TIMEMODIFIED>
          <MODIFIERID>1010000002</MODIFIERID>
        </CAPABILITY>
        <CAPABILITY>
          <NAME>moodle/category:delete</NAME>
          <PERMISSION>1</PERMISSION>
          <TIMEMODIFIED>1185868748</TIMEMODIFIED>
          <MODIFIERID>1010000002</MODIFIERID>
        </CAPABILITY>
        <CAPABILITY>
          <NAME>moodle/category:create</NAME>
          <PERMISSION>1</PERMISSION>
          <TIMEMODIFIED>1185868748</TIMEMODIFIED>
          <MODIFIERID>1010000002</MODIFIERID>
        </CAPABILITY>
        <CAPABILITY>
          <NAME>moodle/calendar:manageownentries</NAME>
          <PERMISSION>1</PERMISSION>
          <TIMEMODIFIED>1185868748</TIMEMODIFIED>
          <MODIFIERID>1010000002</MODIFIERID>
        </CAPABILITY>
        <CAPABILITY>
          <NAME>moodle/calendar:manageentries</NAME>
          <PERMISSION>1</PERMISSION>
          <TIMEMODIFIED>1185868748</TIMEMODIFIED>
          <MODIFIERID>1010000002</MODIFIERID>
        </CAPABILITY>
        <CAPABILITY>
          <NAME>moodle/blog:view</NAME>
          <PERMISSION>1</PERMISSION>
          <TIMEMODIFIED>1185868748</TIMEMODIFIED>
          <MODIFIERID>1010000002</MODIFIERID>
        </CAPABILITY>
        <CAPABILITY>
          <NAME>moodle/blog:managepersonaltags</NAME>
          <PERMISSION>1</PERMISSION>
          <TIMEMODIFIED>1185868748</TIMEMODIFIED>
          <MODIFIERID>1010000002</MODIFIERID>
        </CAPABILITY>
        <CAPABILITY>
          <NAME>moodle/blog:manageofficialtags</NAME>
          <PERMISSION>1</PERMISSION>
          <TIMEMODIFIED>1185868748</TIMEMODIFIED>
          <MODIFIERID>1010000002</MODIFIERID>
        </CAPABILITY>
        <CAPABILITY>
          <NAME>moodle/blog:manageentries</NAME>
          <PERMISSION>1</PERMISSION>
          <TIMEMODIFIED>1185868748</TIMEMODIFIED>
          <MODIFIERID>1010000002</MODIFIERID>
        </CAPABILITY>
        <CAPABILITY>
          <NAME>moodle/blog:create</NAME>
          <PERMISSION>1</PERMISSION>
          <TIMEMODIFIED>1185868748</TIMEMODIFIED>
          <MODIFIERID>1010000002</MODIFIERID>
        </CAPABILITY>
        <CAPABILITY>
          <NAME>mod/workshop:manage</NAME>
          <PERMISSION>1</PERMISSION>
          <TIMEMODIFIED>1185868785</TIMEMODIFIED>
          <MODIFIERID>1010000002</MODIFIERID>
        </CAPABILITY>
        <CAPABILITY>
          <NAME>mod/wiki:participate</NAME>
          <PERMISSION>1</PERMISSION>
          <TIMEMODIFIED>1185868782</TIMEMODIFIED>
          <MODIFIERID>1010000002</MODIFIERID>
        </CAPABILITY>
        <CAPABILITY>
          <NAME>mod/wiki:overridelock</NAME>
          <PERMISSION>1</PERMISSION>
          <TIMEMODIFIED>1185868782</TIMEMODIFIED>
          <MODIFIERID>1010000002</MODIFIERID>
        </CAPABILITY>
        <CAPABILITY>
          <NAME>mod/wiki:manage</NAME>
          <PERMISSION>1</PERMISSION>
          <TIMEMODIFIED>1185868782</TIMEMODIFIED>
          <MODIFIERID>1010000002</MODIFIERID>
        </CAPABILITY>
        <CAPABILITY>
          <NAME>mod/survey:readresponses</NAME>
          <PERMISSION>1</PERMISSION>
          <TIMEMODIFIED>1185868780</TIMEMODIFIED>
          <MODIFIERID>1010000002</MODIFIERID>
        </CAPABILITY>
        <CAPABILITY>
          <NAME>mod/survey:participate</NAME>
          <PERMISSION>1</PERMISSION>
          <TIMEMODIFIED>1185868780</TIMEMODIFIED>
          <MODIFIERID>1010000002</MODIFIERID>
        </CAPABILITY>
        <CAPABILITY>
          <NAME>mod/survey:download</NAME>
          <PERMISSION>1</PERMISSION>
          <TIMEMODIFIED>1185868780</TIMEMODIFIED>
          <MODIFIERID>1010000002</MODIFIERID>
        </CAPABILITY>
        <CAPABILITY>
          <NAME>mod/scorm:viewscores</NAME>
          <PERMISSION>1</PERMISSION>
          <TIMEMODIFIED>1185868778</TIMEMODIFIED>
          <MODIFIERID>1010000002</MODIFIERID>
        </CAPABILITY>
        <CAPABILITY>
          <NAME>mod/scorm:viewreport</NAME>
          <PERMISSION>1</PERMISSION>
          <TIMEMODIFIED>1185868778</TIMEMODIFIED>
          <MODIFIERID>1010000002</MODIFIERID>
        </CAPABILITY>
        <CAPABILITY>
          <NAME>mod/scorm:savetrack</NAME>
          <PERMISSION>1</PERMISSION>
          <TIMEMODIFIED>1185868778</TIMEMODIFIED>
          <MODIFIERID>1010000002</MODIFIERID>
        </CAPABILITY>
        <CAPABILITY>
          <NAME>mod/quiz:viewreports</NAME>
          <PERMISSION>1</PERMISSION>
          <TIMEMODIFIED>1185868774</TIMEMODIFIED>
          <MODIFIERID>1010000002</MODIFIERID>
        </CAPABILITY>
        <CAPABILITY>
          <NAME>mod/quiz:view</NAME>
          <PERMISSION>1</PERMISSION>
          <TIMEMODIFIED>1185868774</TIMEMODIFIED>
          <MODIFIERID>1010000002</MODIFIERID>
        </CAPABILITY>
        <CAPABILITY>
          <NAME>mod/quiz:preview</NAME>
          <PERMISSION>1</PERMISSION>
          <TIMEMODIFIED>1185868774</TIMEMODIFIED>
          <MODIFIERID>1010000002</MODIFIERID>
        </CAPABILITY>
        <CAPABILITY>
          <NAME>mod/quiz:manage</NAME>
          <PERMISSION>1</PERMISSION>
          <TIMEMODIFIED>1185868774</TIMEMODIFIED>
          <MODIFIERID>1010000002</MODIFIERID>
        </CAPABILITY>
        <CAPABILITY>
          <NAME>mod/quiz:grade</NAME>
          <PERMISSION>1</PERMISSION>
          <TIMEMODIFIED>1185868774</TIMEMODIFIED>
          <MODIFIERID>1010000002</MODIFIERID>
        </CAPABILITY>
        <CAPABILITY>
          <NAME>mod/quiz:deleteattempts</NAME>
          <PERMISSION>1</PERMISSION>
          <TIMEMODIFIED>1185868774</TIMEMODIFIED>
          <MODIFIERID>1010000002</MODIFIERID>
        </CAPABILITY>
        <CAPABILITY>
          <NAME>mod/lesson:manage</NAME>
          <PERMISSION>1</PERMISSION>
          <TIMEMODIFIED>1185868769</TIMEMODIFIED>
          <MODIFIERID>1010000002</MODIFIERID>
        </CAPABILITY>
        <CAPABILITY>
          <NAME>mod/lesson:edit</NAME>
          <PERMISSION>1</PERMISSION>
          <TIMEMODIFIED>1185868768</TIMEMODIFIED>
          <MODIFIERID>1010000002</MODIFIERID>
        </CAPABILITY>
        <CAPABILITY>
          <NAME>mod/lams:manage</NAME>
          <PERMISSION>1</PERMISSION>
          <TIMEMODIFIED>1185868766</TIMEMODIFIED>
          <MODIFIERID>1010000002</MODIFIERID>
        </CAPABILITY>
        <CAPABILITY>
          <NAME>mod/hotpot:viewreport</NAME>
          <PERMISSION>1</PERMISSION>
          <TIMEMODIFIED>1185868764</TIMEMODIFIED>
          <MODIFIERID>1010000002</MODIFIERID>
        </CAPABILITY>
        <CAPABILITY>
          <NAME>mod/hotpot:grade</NAME>
          <PERMISSION>1</PERMISSION>
          <TIMEMODIFIED>1185868764</TIMEMODIFIED>
          <MODIFIERID>1010000002</MODIFIERID>
        </CAPABILITY>
        <CAPABILITY>
          <NAME>mod/hotpot:deleteattempt</NAME>
          <PERMISSION>1</PERMISSION>
          <TIMEMODIFIED>1185868765</TIMEMODIFIED>
          <MODIFIERID>1010000002</MODIFIERID>
        </CAPABILITY>
        <CAPABILITY>
          <NAME>mod/hotpot:attempt</NAME>
          <PERMISSION>1</PERMISSION>
          <TIMEMODIFIED>1185868764</TIMEMODIFIED>
          <MODIFIERID>1010000002</MODIFIERID>
        </CAPABILITY>
        <CAPABILITY>
          <NAME>mod/glossary:write</NAME>
          <PERMISSION>1</PERMISSION>
          <TIMEMODIFIED>1185868763</TIMEMODIFIED>
          <MODIFIERID>1010000002</MODIFIERID>
        </CAPABILITY>
        <CAPABILITY>
          <NAME>mod/glossary:viewrating</NAME>
          <PERMISSION>1</PERMISSION>
          <TIMEMODIFIED>1185868763</TIMEMODIFIED>
          <MODIFIERID>1010000002</MODIFIERID>
        </CAPABILITY>
        <CAPABILITY>
          <NAME>mod/glossary:rate</NAME>
          <PERMISSION>1</PERMISSION>
          <TIMEMODIFIED>1185868763</TIMEMODIFIED>
          <MODIFIERID>1010000002</MODIFIERID>
        </CAPABILITY>
        <CAPABILITY>
          <NAME>mod/glossary:manageentries</NAME>
          <PERMISSION>1</PERMISSION>
          <TIMEMODIFIED>1185868763</TIMEMODIFIED>
          <MODIFIERID>1010000002</MODIFIERID>
        </CAPABILITY>
        <CAPABILITY>
          <NAME>mod/glossary:managecomments</NAME>
          <PERMISSION>1</PERMISSION>
          <TIMEMODIFIED>1185868763</TIMEMODIFIED>
          <MODIFIERID>1010000002</MODIFIERID>
        </CAPABILITY>
        <CAPABILITY>
          <NAME>mod/glossary:managecategories</NAME>
          <PERMISSION>1</PERMISSION>
          <TIMEMODIFIED>1185868763</TIMEMODIFIED>
          <MODIFIERID>1010000002</MODIFIERID>
        </CAPABILITY>
        <CAPABILITY>
          <NAME>mod/glossary:import</NAME>
          <PERMISSION>1</PERMISSION>
          <TIMEMODIFIED>1185868763</TIMEMODIFIED>
          <MODIFIERID>1010000002</MODIFIERID>
        </CAPABILITY>
        <CAPABILITY>
          <NAME>mod/glossary:export</NAME>
          <PERMISSION>1</PERMISSION>
          <TIMEMODIFIED>1185868763</TIMEMODIFIED>
          <MODIFIERID>1010000002</MODIFIERID>
        </CAPABILITY>
        <CAPABILITY>
          <NAME>mod/glossary:comment</NAME>
          <PERMISSION>1</PERMISSION>
          <TIMEMODIFIED>1185868763</TIMEMODIFIED>
          <MODIFIERID>1010000002</MODIFIERID>
        </CAPABILITY>
        <CAPABILITY>
          <NAME>mod/glossary:approve</NAME>
          <PERMISSION>1</PERMISSION>
          <TIMEMODIFIED>1185868763</TIMEMODIFIED>
          <MODIFIERID>1010000002</MODIFIERID>
        </CAPABILITY>
        <CAPABILITY>
          <NAME>mod/forum:viewsubscribers</NAME>
          <PERMISSION>1</PERMISSION>
          <TIMEMODIFIED>1185868760</TIMEMODIFIED>
          <MODIFIERID>1010000002</MODIFIERID>
        </CAPABILITY>
        <CAPABILITY>
          <NAME>mod/forum:viewrating</NAME>
          <PERMISSION>1</PERMISSION>
          <TIMEMODIFIED>1185868760</TIMEMODIFIED>
          <MODIFIERID>1010000002</MODIFIERID>
        </CAPABILITY>
        <CAPABILITY>
          <NAME>mod/forum:viewqandawithoutposting</NAME>
          <PERMISSION>1</PERMISSION>
          <TIMEMODIFIED>1185868760</TIMEMODIFIED>
          <MODIFIERID>1010000002</MODIFIERID>
        </CAPABILITY>
        <CAPABILITY>
          <NAME>mod/forum:viewhiddentimedposts</NAME>
          <PERMISSION>1</PERMISSION>
          <TIMEMODIFIED>1185868760</TIMEMODIFIED>
          <MODIFIERID>1010000002</MODIFIERID>
        </CAPABILITY>
        <CAPABILITY>
          <NAME>mod/forum:viewdiscussion</NAME>
          <PERMISSION>1</PERMISSION>
          <TIMEMODIFIED>1185868760</TIMEMODIFIED>
          <MODIFIERID>1010000002</MODIFIERID>
        </CAPABILITY>
        <CAPABILITY>
          <NAME>mod/forum:viewanyrating</NAME>
          <PERMISSION>1</PERMISSION>
          <TIMEMODIFIED>1185868760</TIMEMODIFIED>
          <MODIFIERID>1010000002</MODIFIERID>
        </CAPABILITY>
        <CAPABILITY>
          <NAME>mod/forum:startdiscussion</NAME>
          <PERMISSION>1</PERMISSION>
          <TIMEMODIFIED>1185868760</TIMEMODIFIED>
          <MODIFIERID>1010000002</MODIFIERID>
        </CAPABILITY>
        <CAPABILITY>
          <NAME>mod/forum:splitdiscussions</NAME>
          <PERMISSION>1</PERMISSION>
          <TIMEMODIFIED>1185868760</TIMEMODIFIED>
          <MODIFIERID>1010000002</MODIFIERID>
        </CAPABILITY>
        <CAPABILITY>
          <NAME>mod/forum:replypost</NAME>
          <PERMISSION>1</PERMISSION>
          <TIMEMODIFIED>1185868760</TIMEMODIFIED>
          <MODIFIERID>1010000002</MODIFIERID>
        </CAPABILITY>
        <CAPABILITY>
          <NAME>mod/forum:replynews</NAME>
          <PERMISSION>1</PERMISSION>
          <TIMEMODIFIED>1185868760</TIMEMODIFIED>
          <MODIFIERID>1010000002</MODIFIERID>
        </CAPABILITY>
        <CAPABILITY>
          <NAME>mod/forum:rate</NAME>
          <PERMISSION>1</PERMISSION>
          <TIMEMODIFIED>1185868760</TIMEMODIFIED>
          <MODIFIERID>1010000002</MODIFIERID>
        </CAPABILITY>
        <CAPABILITY>
          <NAME>mod/forum:movediscussions</NAME>
          <PERMISSION>1</PERMISSION>
          <TIMEMODIFIED>1185868760</TIMEMODIFIED>
          <MODIFIERID>1010000002</MODIFIERID>
        </CAPABILITY>
        <CAPABILITY>
          <NAME>mod/forum:managesubscriptions</NAME>
          <PERMISSION>1</PERMISSION>
          <TIMEMODIFIED>1185868760</TIMEMODIFIED>
          <MODIFIERID>1010000002</MODIFIERID>
        </CAPABILITY>
        <CAPABILITY>
          <NAME>mod/forum:editanypost</NAME>
          <PERMISSION>1</PERMISSION>
          <TIMEMODIFIED>1185868760</TIMEMODIFIED>
          <MODIFIERID>1010000002</MODIFIERID>
        </CAPABILITY>
        <CAPABILITY>
          <NAME>mod/forum:deleteownpost</NAME>
          <PERMISSION>1</PERMISSION>
          <TIMEMODIFIED>1185868760</TIMEMODIFIED>
          <MODIFIERID>1010000002</MODIFIERID>
        </CAPABILITY>
        <CAPABILITY>
          <NAME>mod/forum:deleteanypost</NAME>
          <PERMISSION>1</PERMISSION>
          <TIMEMODIFIED>1185868760</TIMEMODIFIED>
          <MODIFIERID>1010000002</MODIFIERID>
        </CAPABILITY>
        <CAPABILITY>
          <NAME>mod/forum:createattachment</NAME>
          <PERMISSION>1</PERMISSION>
          <TIMEMODIFIED>1185868760</TIMEMODIFIED>
          <MODIFIERID>1010000002</MODIFIERID>
        </CAPABILITY>
        <CAPABILITY>
          <NAME>mod/forum:addnews</NAME>
          <PERMISSION>1</PERMISSION>
          <TIMEMODIFIED>1185868760</TIMEMODIFIED>
          <MODIFIERID>1010000002</MODIFIERID>
        </CAPABILITY>
        <CAPABILITY>
          <NAME>mod/exercise:assess</NAME>
          <PERMISSION>1</PERMISSION>
          <TIMEMODIFIED>1185868758</TIMEMODIFIED>
          <MODIFIERID>1010000002</MODIFIERID>
        </CAPABILITY>
        <CAPABILITY>
          <NAME>mod/data:writeentry</NAME>
          <PERMISSION>1</PERMISSION>
          <TIMEMODIFIED>1185868756</TIMEMODIFIED>
          <MODIFIERID>1010000002</MODIFIERID>
        </CAPABILITY>
        <CAPABILITY>
          <NAME>mod/data:viewrating</NAME>
          <PERMISSION>1</PERMISSION>
          <TIMEMODIFIED>1185868756</TIMEMODIFIED>
          <MODIFIERID>1010000002</MODIFIERID>
        </CAPABILITY>
        <CAPABILITY>
          <NAME>mod/data:viewentry</NAME>
          <PERMISSION>1</PERMISSION>
          <TIMEMODIFIED>1185868756</TIMEMODIFIED>
          <MODIFIERID>1010000002</MODIFIERID>
        </CAPABILITY>
        <CAPABILITY>
          <NAME>mod/data:viewalluserpresets</NAME>
          <PERMISSION>1</PERMISSION>
          <TIMEMODIFIED>1185868756</TIMEMODIFIED>
          <MODIFIERID>1010000002</MODIFIERID>
        </CAPABILITY>
        <CAPABILITY>
          <NAME>mod/data:rate</NAME>
          <PERMISSION>1</PERMISSION>
          <TIMEMODIFIED>1185868756</TIMEMODIFIED>
          <MODIFIERID>1010000002</MODIFIERID>
        </CAPABILITY>
        <CAPABILITY>
          <NAME>mod/data:manageuserpresets</NAME>
          <PERMISSION>1</PERMISSION>
          <TIMEMODIFIED>1185868756</TIMEMODIFIED>
          <MODIFIERID>1010000002</MODIFIERID>
        </CAPABILITY>
        <CAPABILITY>
          <NAME>mod/data:managetemplates</NAME>
          <PERMISSION>1</PERMISSION>
          <TIMEMODIFIED>1185868756</TIMEMODIFIED>
          <MODIFIERID>1010000002</MODIFIERID>
        </CAPABILITY>
        <CAPABILITY>
          <NAME>mod/data:manageentries</NAME>
          <PERMISSION>1</PERMISSION>
          <TIMEMODIFIED>1185868756</TIMEMODIFIED>
          <MODIFIERID>1010000002</MODIFIERID>
        </CAPABILITY>
        <CAPABILITY>
          <NAME>mod/data:managecomments</NAME>
          <PERMISSION>1</PERMISSION>
          <TIMEMODIFIED>1185868756</TIMEMODIFIED>
          <MODIFIERID>1010000002</MODIFIERID>
        </CAPABILITY>
        <CAPABILITY>
          <NAME>mod/data:comment</NAME>
          <PERMISSION>1</PERMISSION>
          <TIMEMODIFIED>1185868756</TIMEMODIFIED>
          <MODIFIERID>1010000002</MODIFIERID>
        </CAPABILITY>
        <CAPABILITY>
          <NAME>mod/data:approve</NAME>
          <PERMISSION>1</PERMISSION>
          <TIMEMODIFIED>1185868756</TIMEMODIFIED>
          <MODIFIERID>1010000002</MODIFIERID>
        </CAPABILITY>
        <CAPABILITY>
          <NAME>mod/choice:readresponses</NAME>
          <PERMISSION>1</PERMISSION>
          <TIMEMODIFIED>1185868755</TIMEMODIFIED>
          <MODIFIERID>1010000002</MODIFIERID>
        </CAPABILITY>
        <CAPABILITY>
          <NAME>mod/choice:downloadresponses</NAME>
          <PERMISSION>1</PERMISSION>
          <TIMEMODIFIED>1185868755</TIMEMODIFIED>
          <MODIFIERID>1010000002</MODIFIERID>
        </CAPABILITY>
        <CAPABILITY>
          <NAME>mod/choice:deleteresponses</NAME>
          <PERMISSION>1</PERMISSION>
          <TIMEMODIFIED>1185868755</TIMEMODIFIED>
          <MODIFIERID>1010000002</MODIFIERID>
        </CAPABILITY>
        <CAPABILITY>
          <NAME>mod/choice:choose</NAME>
          <PERMISSION>1</PERMISSION>
          <TIMEMODIFIED>1185868755</TIMEMODIFIED>
          <MODIFIERID>1010000002</MODIFIERID>
        </CAPABILITY>
        <CAPABILITY>
          <NAME>mod/chat:readlog</NAME>
          <PERMISSION>1</PERMISSION>
          <TIMEMODIFIED>1185868754</TIMEMODIFIED>
          <MODIFIERID>1010000002</MODIFIERID>
        </CAPABILITY>
        <CAPABILITY>
          <NAME>mod/chat:deletelog</NAME>
          <PERMISSION>1</PERMISSION>
          <TIMEMODIFIED>1185868754</TIMEMODIFIED>
          <MODIFIERID>1010000002</MODIFIERID>
        </CAPABILITY>
        <CAPABILITY>
          <NAME>mod/chat:chat</NAME>
          <PERMISSION>1</PERMISSION>
          <TIMEMODIFIED>1185868754</TIMEMODIFIED>
          <MODIFIERID>1010000002</MODIFIERID>
        </CAPABILITY>
        <CAPABILITY>
          <NAME>mod/assignment:view</NAME>
          <PERMISSION>1</PERMISSION>
          <TIMEMODIFIED>1185868752</TIMEMODIFIED>
          <MODIFIERID>1010000002</MODIFIERID>
        </CAPABILITY>
        <CAPABILITY>
          <NAME>mod/assignment:grade</NAME>
          <PERMISSION>1</PERMISSION>
          <TIMEMODIFIED>1185868752</TIMEMODIFIED>
          <MODIFIERID>1010000002</MODIFIERID>
        </CAPABILITY>
        <CAPABILITY>
          <NAME>enrol/authorize:uploadcsv</NAME>
          <PERMISSION>1</PERMISSION>
          <TIMEMODIFIED>1185868804</TIMEMODIFIED>
          <MODIFIERID>1010000002</MODIFIERID>
        </CAPABILITY>
        <CAPABILITY>
          <NAME>enrol/authorize:managepayments</NAME>
          <PERMISSION>1</PERMISSION>
          <TIMEMODIFIED>1185868804</TIMEMODIFIED>
          <MODIFIERID>1010000002</MODIFIERID>
        </CAPABILITY>
        <CAPABILITY>
          <NAME>block/rss_client:manageownfeeds</NAME>
          <PERMISSION>1</PERMISSION>
          <TIMEMODIFIED>1185868800</TIMEMODIFIED>
          <MODIFIERID>1010000002</MODIFIERID>
        </CAPABILITY>
        <CAPABILITY>
          <NAME>block/rss_client:manageanyfeeds</NAME>
          <PERMISSION>1</PERMISSION>
          <TIMEMODIFIED>1185868800</TIMEMODIFIED>
          <MODIFIERID>1010000002</MODIFIERID>
        </CAPABILITY>
        <CAPABILITY>
          <NAME>block/rss_client:createsharedfeeds</NAME>
          <PERMISSION>1</PERMISSION>
          <TIMEMODIFIED>1185868800</TIMEMODIFIED>
          <MODIFIERID>1010000002</MODIFIERID>
        </CAPABILITY>
        <CAPABILITY>
          <NAME>block/rss_client:createprivatefeeds</NAME>
          <PERMISSION>1</PERMISSION>
          <TIMEMODIFIED>1185868800</TIMEMODIFIED>
          <MODIFIERID>1010000002</MODIFIERID>
        </CAPABILITY>
      </CAPABILITIES>
    </ROLE>
  </ROLES>
  <COURSE>
    <HEADER>
      <ID>1010000002</ID>
      <CATEGORY>
        <ID>1010000001</ID>
        <NAME>Miscellaneous</NAME>
      </CATEGORY>
      <PASSWORD></PASSWORD>
      <FULLNAME>Course Fullname 101</FULLNAME>
      <SHORTNAME>CF101</SHORTNAME>
      <IDNUMBER></IDNUMBER>
      <SUMMARY>just a quick test to see if the unique ids are working&lt;br /&gt;</SUMMARY>
      <FORMAT>weeks</FORMAT>
      <SHOWGRADES>1</SHOWGRADES>
      <NEWSITEMS>5</NEWSITEMS>
      <TEACHER>Teacher</TEACHER>
      <TEACHERS>Teachers</TEACHERS>
      <STUDENT>Student</STUDENT>
      <STUDENTS>Students</STUDENTS>
      <GUEST>0</GUEST>
      <STARTDATE>1185922800</STARTDATE>
      <NUMSECTIONS>10</NUMSECTIONS>
      <MAXBYTES>16777216</MAXBYTES>
      <SHOWREPORTS>0</SHOWREPORTS>
      <GROUPMODE>0</GROUPMODE>
      <GROUPMODEFORCE>0</GROUPMODEFORCE>
      <LANG></LANG>
      <THEME></THEME>
      <COST></COST>
      <CURRENCY>USD</CURRENCY>
      <MARKER>0</MARKER>
      <VISIBLE>1</VISIBLE>
      <HIDDENSECTIONS>0</HIDDENSECTIONS>
      <TIMECREATED>1185868995</TIMECREATED>
      <TIMEMODIFIED>1185868995</TIMEMODIFIED>
      <METACOURSE>0</METACOURSE>
      <EXPIRENOTIFY>0</EXPIRENOTIFY>
      <NOTIFYSTUDENTS>0</NOTIFYSTUDENTS>
      <EXPIRYTHRESHOLD>864000</EXPIRYTHRESHOLD>
      <ENROLLABLE>1</ENROLLABLE>
      <ENROLSTARTDATE>0</ENROLSTARTDATE>
      <ENROLENDDATE>0</ENROLENDDATE>
      <ENROLPERIOD>0</ENROLPERIOD>
      <ROLES_OVERRIDES>
      </ROLES_OVERRIDES>
      <ROLES_ASSIGNMENTS>
        <ROLE>
          <ID>1010000001</ID>
          <NAME>Administrator</NAME>
          <SHORTNAME>admin</SHORTNAME>
          <ASSIGNMENTS>
            <ASSIGNMENT>
              <USERID>1010000002</USERID>
              <HIDDEN>0</HIDDEN>
              <TIMESTART>1185836400</TIMESTART>
              <TIMEEND>0</TIMEEND>
              <TIMEMODIFIED>1185869006</TIMEMODIFIED>
              <MODIFIERID>1010000002</MODIFIERID>
              <ENROL>manual</ENROL>
              <SORTORDER>0</SORTORDER>
            </ASSIGNMENT>
          </ASSIGNMENTS>
        </ROLE>
      </ROLES_ASSIGNMENTS>
    </HEADER>
    <BLOCKS>
      <BLOCK>
        <ID>1010000012</ID>
        <NAME>participants</NAME>
        <PAGEID>1010000002</PAGEID>
        <PAGETYPE>course-view</PAGETYPE>
        <POSITION>l</POSITION>
        <WEIGHT>0</WEIGHT>
        <VISIBLE>1</VISIBLE>
        <CONFIGDATA></CONFIGDATA>
        <ROLES_OVERRIDES>
        </ROLES_OVERRIDES>
        <ROLES_ASSIGNMENTS>
        </ROLES_ASSIGNMENTS>
      </BLOCK>
      <BLOCK>
        <ID>1010000013</ID>
        <NAME>activity_modules</NAME>
        <PAGEID>1010000002</PAGEID>
        <PAGETYPE>course-view</PAGETYPE>
        <POSITION>l</POSITION>
        <WEIGHT>1</WEIGHT>
        <VISIBLE>1</VISIBLE>
        <CONFIGDATA></CONFIGDATA>
        <ROLES_OVERRIDES>
        </ROLES_OVERRIDES>
        <ROLES_ASSIGNMENTS>
        </ROLES_ASSIGNMENTS>
      </BLOCK>
      <BLOCK>
        <ID>1010000014</ID>
        <NAME>search_forums</NAME>
        <PAGEID>1010000002</PAGEID>
        <PAGETYPE>course-view</PAGETYPE>
        <POSITION>l</POSITION>
        <WEIGHT>2</WEIGHT>
        <VISIBLE>1</VISIBLE>
        <CONFIGDATA></CONFIGDATA>
        <ROLES_OVERRIDES>
        </ROLES_OVERRIDES>
        <ROLES_ASSIGNMENTS>
        </ROLES_ASSIGNMENTS>
      </BLOCK>
      <BLOCK>
        <ID>1010000015</ID>
        <NAME>admin</NAME>
        <PAGEID>1010000002</PAGEID>
        <PAGETYPE>course-view</PAGETYPE>
        <POSITION>l</POSITION>
        <WEIGHT>3</WEIGHT>
        <VISIBLE>1</VISIBLE>
        <CONFIGDATA></CONFIGDATA>
        <ROLES_OVERRIDES>
        </ROLES_OVERRIDES>
        <ROLES_ASSIGNMENTS>
        </ROLES_ASSIGNMENTS>
      </BLOCK>
      <BLOCK>
        <ID>1010000016</ID>
        <NAME>course_list</NAME>
        <PAGEID>1010000002</PAGEID>
        <PAGETYPE>course-view</PAGETYPE>
        <POSITION>l</POSITION>
        <WEIGHT>4</WEIGHT>
        <VISIBLE>1</VISIBLE>
        <CONFIGDATA></CONFIGDATA>
        <ROLES_OVERRIDES>
        </ROLES_OVERRIDES>
        <ROLES_ASSIGNMENTS>
        </ROLES_ASSIGNMENTS>
      </BLOCK>
      <BLOCK>
        <ID>1010000017</ID>
        <NAME>news_items</NAME>
        <PAGEID>1010000002</PAGEID>
        <PAGETYPE>course-view</PAGETYPE>
        <POSITION>r</POSITION>
        <WEIGHT>0</WEIGHT>
        <VISIBLE>1</VISIBLE>
        <CONFIGDATA></CONFIGDATA>
        <ROLES_OVERRIDES>
        </ROLES_OVERRIDES>
        <ROLES_ASSIGNMENTS>
        </ROLES_ASSIGNMENTS>
      </BLOCK>
      <BLOCK>
        <ID>1010000018</ID>
        <NAME>calendar_upcoming</NAME>
        <PAGEID>1010000002</PAGEID>
        <PAGETYPE>course-view</PAGETYPE>
        <POSITION>r</POSITION>
        <WEIGHT>1</WEIGHT>
        <VISIBLE>1</VISIBLE>
        <CONFIGDATA></CONFIGDATA>
        <ROLES_OVERRIDES>
        </ROLES_OVERRIDES>
        <ROLES_ASSIGNMENTS>
        </ROLES_ASSIGNMENTS>
      </BLOCK>
      <BLOCK>
        <ID>1010000019</ID>
        <NAME>recent_activity</NAME>
        <PAGEID>1010000002</PAGEID>
        <PAGETYPE>course-view</PAGETYPE>
        <POSITION>r</POSITION>
        <WEIGHT>2</WEIGHT>
        <VISIBLE>1</VISIBLE>
        <CONFIGDATA></CONFIGDATA>
        <ROLES_OVERRIDES>
        </ROLES_OVERRIDES>
        <ROLES_ASSIGNMENTS>
        </ROLES_ASSIGNMENTS>
      </BLOCK>
    </BLOCKS>
    <SECTIONS>
      <SECTION>
        <ID>1010000002</ID>
        <NUMBER>0</NUMBER>
        <SUMMARY></SUMMARY>
        <VISIBLE>1</VISIBLE>
        <MODS>
          <MOD>
            <ID>1010000002</ID>
            <TYPE>forum</TYPE>
            <INSTANCE>1010000002</INSTANCE>
            <ADDED>1185869014</ADDED>
            <SCORE>0</SCORE>
            <INDENT>0</INDENT>
            <VISIBLE>1</VISIBLE>
            <GROUPMODE>0</GROUPMODE>
            <ROLES_OVERRIDES>
            </ROLES_OVERRIDES>
            <ROLES_ASSIGNMENTS>
            </ROLES_ASSIGNMENTS>
          </MOD>
        </MODS>
      </SECTION>
      <SECTION>
        <ID>1010000003</ID>
        <NUMBER>1</NUMBER>
        <SUMMARY></SUMMARY>
        <VISIBLE>1</VISIBLE>
        <MODS>
          <MOD>
            <ID>1010000003</ID>
            <TYPE>forum</TYPE>
            <INSTANCE>1010000003</INSTANCE>
            <ADDED>1185869035</ADDED>
            <SCORE>0</SCORE>
            <INDENT>0</INDENT>
            <VISIBLE>1</VISIBLE>
            <GROUPMODE>0</GROUPMODE>
            <ROLES_OVERRIDES>
            </ROLES_OVERRIDES>
            <ROLES_ASSIGNMENTS>
            </ROLES_ASSIGNMENTS>
          </MOD>
        </MODS>
      </SECTION>
      <SECTION>
        <ID>1010000004</ID>
        <NUMBER>2</NUMBER>
        <SUMMARY></SUMMARY>
        <VISIBLE>1</VISIBLE>
      </SECTION>
      <SECTION>
        <ID>1010000005</ID>
        <NUMBER>3</NUMBER>
        <SUMMARY></SUMMARY>
        <VISIBLE>1</VISIBLE>
      </SECTION>
      <SECTION>
        <ID>1010000006</ID>
        <NUMBER>4</NUMBER>
        <SUMMARY></SUMMARY>
        <VISIBLE>1</VISIBLE>
      </SECTION>
      <SECTION>
        <ID>1010000007</ID>
        <NUMBER>5</NUMBER>
        <SUMMARY></SUMMARY>
        <VISIBLE>1</VISIBLE>
      </SECTION>
      <SECTION>
        <ID>1010000008</ID>
        <NUMBER>6</NUMBER>
        <SUMMARY></SUMMARY>
        <VISIBLE>1</VISIBLE>
      </SECTION>
      <SECTION>
        <ID>1010000009</ID>
        <NUMBER>7</NUMBER>
        <SUMMARY></SUMMARY>
        <VISIBLE>1</VISIBLE>
      </SECTION>
      <SECTION>
        <ID>1010000010</ID>
        <NUMBER>8</NUMBER>
        <SUMMARY></SUMMARY>
        <VISIBLE>1</VISIBLE>
      </SECTION>
      <SECTION>
        <ID>1010000011</ID>
        <NUMBER>9</NUMBER>
        <SUMMARY></SUMMARY>
        <VISIBLE>1</VISIBLE>
      </SECTION>
      <SECTION>
        <ID>1010000012</ID>
        <NUMBER>10</NUMBER>
        <SUMMARY></SUMMARY>
        <VISIBLE>1</VISIBLE>
      </SECTION>
    </SECTIONS>
    <USERS>
      <USER>
        <ID>1010000002</ID>
        <AUTH>manual</AUTH>
        <CONFIRMED>1</CONFIRMED>
        <POLICYAGREED>0</POLICYAGREED>
        <DELETED>0</DELETED>
        <USERNAME>admin</USERNAME>
        <PASSWORD>77dd63ea2cf28ef04e100640835a0dda</PASSWORD>
        <IDNUMBER></IDNUMBER>
        <FIRSTNAME>Admin</FIRSTNAME>
        <LASTNAME>User</LASTNAME>
        <EMAIL>test.pclt1048@open.ac.uk</EMAIL>
        <EMAILSTOP>0</EMAILSTOP>
        <ICQ></ICQ>
        <SKYPE></SKYPE>
        <YAHOO></YAHOO>
        <AIM></AIM>
        <MSN></MSN>
        <PHONE1></PHONE1>
        <PHONE2></PHONE2>
        <INSTITUTION></INSTITUTION>
        <DEPARTMENT></DEPARTMENT>
        <ADDRESS></ADDRESS>
        <CITY>MK</CITY>
        <COUNTRY>UZ</COUNTRY>
        <LANG>en_utf8</LANG>
        <THEME></THEME>
        <TIMEZONE>99</TIMEZONE>
        <FIRSTACCESS>0</FIRSTACCESS>
        <LASTACCESS>1186410539</LASTACCESS>
        <LASTLOGIN>0</LASTLOGIN>
        <CURRENTLOGIN>1186408074</CURRENTLOGIN>
        <LASTIP>137.108.181.131</LASTIP>
        <SECRET></SECRET>
        <PICTURE>0</PICTURE>
        <URL></URL>
        <DESCRIPTION></DESCRIPTION>
        <MAILFORMAT>1</MAILFORMAT>
        <MAILDIGEST>0</MAILDIGEST>
        <MAILDISPLAY>1</MAILDISPLAY>
        <HTMLEDITOR>1</HTMLEDITOR>
        <AJAX>1</AJAX>
        <AUTOSUBSCRIBE>1</AUTOSUBSCRIBE>
        <TRACKFORUMS>0</TRACKFORUMS>
        <TIMEMODIFIED>1185868898</TIMEMODIFIED>
        <ROLES>
          <ROLE>
            <TYPE>needed</TYPE>
          </ROLE>
        </ROLES>
        <USER_PREFERENCES>
          <USER_PREFERENCE>
            <NAME>email_bounce_count</NAME>
            <VALUE>1</VALUE>
          </USER_PREFERENCE>
          <USER_PREFERENCE>
            <NAME>email_send_count</NAME>
            <VALUE>1</VALUE>
          </USER_PREFERENCE>
        </USER_PREFERENCES>
        <ROLES_OVERRIDES>
        </ROLES_OVERRIDES>
        <ROLES_ASSIGNMENTS>
        </ROLES_ASSIGNMENTS>
      </USER>
    </USERS>
    <GRADEBOOK>
    </GRADEBOOK>
    <MODULES>
      <MOD>
        <ID>1010000002</ID>
        <MODTYPE>forum</MODTYPE>
        <TYPE>news</TYPE>
        <NAME>News forum</NAME>
        <INTRO>General news and announcements</INTRO>
        <ASSESSED>0</ASSESSED>
        <ASSESSTIMESTART>0</ASSESSTIMESTART>
        <ASSESSTIMEFINISH>0</ASSESSTIMEFINISH>
        <MAXBYTES>0</MAXBYTES>
        <SCALE>1010000001</SCALE>
        <FORCESUBSCRIBE>1</FORCESUBSCRIBE>
        <TRACKINGTYPE>1</TRACKINGTYPE>
        <RSSTYPE>0</RSSTYPE>
        <RSSARTICLES>0</RSSARTICLES>
        <TIMEMODIFIED>1185869014</TIMEMODIFIED>
        <WARNAFTER>0</WARNAFTER>
        <BLOCKAFTER>0</BLOCKAFTER>
        <BLOCKPERIOD>0</BLOCKPERIOD>
      </MOD>
      <MOD>
        <ID>1010000003</ID>
        <MODTYPE>forum</MODTYPE>
        <TYPE>general</TYPE>
        <NAME>test forum</NAME>
        <INTRO>again just testing </INTRO>
        <ASSESSED>0</ASSESSED>
        <ASSESSTIMESTART>0</ASSESSTIMESTART>
        <ASSESSTIMEFINISH>0</ASSESSTIMEFINISH>
        <MAXBYTES>512000</MAXBYTES>
        <SCALE>0</SCALE>
        <FORCESUBSCRIBE>0</FORCESUBSCRIBE>
        <TRACKINGTYPE>1</TRACKINGTYPE>
        <RSSTYPE>0</RSSTYPE>
        <RSSARTICLES>0</RSSARTICLES>
        <TIMEMODIFIED>1185869035</TIMEMODIFIED>
        <WARNAFTER>0</WARNAFTER>
        <BLOCKAFTER>0</BLOCKAFTER>
        <BLOCKPERIOD>0</BLOCKPERIOD>
        <SUBSCRIPTIONS>
          <SUBSCRIPTION>
            <ID>1010000001</ID>
            <USERID>1010000002</USERID>
          </SUBSCRIPTION>
        </SUBSCRIPTIONS>
        <DISCUSSIONS>
          <DISCUSSION>
            <ID>1010000001</ID>
            <NAME>discuss something</NAME>
            <FIRSTPOST>1010000001</FIRSTPOST>
            <USERID>1010000002</USERID>
            <GROUPID>-1</GROUPID>
            <ASSESSED>1</ASSESSED>
            <TIMEMODIFIED>1185869068</TIMEMODIFIED>
            <USERMODIFIED>1010000002</USERMODIFIED>
            <TIMESTART>0</TIMESTART>
            <TIMEEND>0</TIMEEND>
            <POSTS>
              <POST>
                <ID>1010000001</ID>
                <PARENT>0</PARENT>
                <USERID>1010000002</USERID>
                <CREATED>1185869052</CREATED>
                <MODIFIED>1185869052</MODIFIED>
                <MAILED>0</MAILED>
                <SUBJECT>discuss something</SUBJECT>
                <MESSAGE>adasdasd </MESSAGE>
                <FORMAT>1</FORMAT>
                <ATTACHMENT></ATTACHMENT>
                <TOTALSCORE>0</TOTALSCORE>
                <MAILNOW>0</MAILNOW>
              </POST>
              <POST>
                <ID>1010000002</ID>
                <PARENT>1010000001</PARENT>
                <USERID>1010000002</USERID>
                <CREATED>1185869068</CREATED>
                <MODIFIED>1185869068</MODIFIED>
                <MAILED>0</MAILED>
                <SUBJECT>Re: discuss something</SUBJECT>
                <MESSAGE>sfsdfds </MESSAGE>
                <FORMAT>1</FORMAT>
                <ATTACHMENT></ATTACHMENT>
                <TOTALSCORE>0</TOTALSCORE>
                <MAILNOW>0</MAILNOW>
              </POST>
            </POSTS>
          </DISCUSSION>
        </DISCUSSIONS>
      </MOD>
    </MODULES>
    <FORMATDATA>
    </FORMATDATA>
  </COURSE>
</MOODLE_BACKUP>
