<?xml version="1.0" encoding="UTF-8"?>
<MOODLE_BACKUP>
  <INFO>
    <MOODLE_VERSION>2007101520</MOODLE_VERSION>
    <MOODLE_RELEASE>1.9.2+ (Build: 20080718)</MOODLE_RELEASE>
    <BACKUP_VERSION>2008041100</BACKUP_VERSION>
    <BACKUP_RELEASE>1.9</BACKUP_RELEASE>
    <ORIGINAL_WWWROOT>http://localhost/moodle-server</ORIGINAL_WWWROOT>
    <ZIP_METHOD>internal</ZIP_METHOD>
    <DETAILS>
      <MOD>
        <NAME>forum</NAME>
        <INCLUDED>true</INCLUDED>
        <USERINFO>true</USERINFO>
        <INSTANCES>
          <INSTANCE>
          <ID>11</ID>
          <NAME>News forum</NAME>
          <INCLUDED>true</INCLUDED>
          <USERINFO>true</USERINFO>
          </INSTANCE>
        </INSTANCES>
      </MOD>
      <MOD>
        <NAME>label</NAME>
        <INCLUDED>true</INCLUDED>
        <USERINFO>true</USERINFO>
        <INSTANCES>
          <INSTANCE>
          <ID>16</ID>
          <NAME>SRV 20080724 17:00

   Switch role to... Teacher...</NAME>
          <INCLUDED>true</INCLUDED>
          <USERINFO>true</USERINFO>
          </INSTANCE>
        </INSTANCES>
      </MOD>
      <METACOURSE>true</METACOURSE>
      <USERS>course</USERS>
      <LOGS>true</LOGS>
      <USERFILES>true</USERFILES>
      <COURSEFILES>true</COURSEFILES>
      <SITEFILES>false</SITEFILES>
      <GRADEBOOKHISTORIES>false</GRADEBOOKHISTORIES>
      <MESSAGES>false</MESSAGES>
      <BLOGS>false</BLOGS>
      <BLOCKFORMAT>instances</BLOCKFORMAT>
    </DETAILS>
  </INFO>
  <ROLES>
  </ROLES>
  <COURSE>
    <HEADER>
      <ID>16</ID>
      <CATEGORY>
        <ID>1</ID>
        <NAME>Miscellaneous</NAME>
      </CATEGORY>
      <PASSWORD></PASSWORD>
      <FULLNAME>SRV 20080724 17:00</FULLNAME>
      <SHORTNAME>SRV 20080724 17:00</SHORTNAME>
      <IDNUMBER></IDNUMBER>
      <SUMMARY>test course SRV 20080724 17:00</SUMMARY>
      <FORMAT>weeks</FORMAT>
      <SHOWGRADES>1</SHOWGRADES>
      <NEWSITEMS>5</NEWSITEMS>
      <TEACHER>Teacher</TEACHER>
      <TEACHERS>Teachers</TEACHERS>
      <STUDENT>Student</STUDENT>
      <STUDENTS>Students</STUDENTS>
      <GUEST>0</GUEST>
      <STARTDATE>1216854000</STARTDATE>
      <NUMSECTIONS>10</NUMSECTIONS>
      <MAXBYTES>16777216</MAXBYTES>
      <SHOWREPORTS>0</SHOWREPORTS>
      <GROUPMODE>0</GROUPMODE>
      <GROUPMODEFORCE>0</GROUPMODEFORCE>
      <DEFAULTGROUPINGID>0</DEFAULTGROUPINGID>
      <LANG></LANG>
      <THEME></THEME>
      <COST></COST>
      <CURRENCY>USD</CURRENCY>
      <MARKER>0</MARKER>
      <VISIBLE>1</VISIBLE>
      <HIDDENSECTIONS>0</HIDDENSECTIONS>
      <TIMECREATED>1216915239</TIMECREATED>
      <TIMEMODIFIED>1216915239</TIMEMODIFIED>
      <METACOURSE>0</METACOURSE>
      <EXPIRENOTIFY>0</EXPIRENOTIFY>
      <NOTIFYSTUDENTS>0</NOTIFYSTUDENTS>
      <EXPIRYTHRESHOLD>864000</EXPIRYTHRESHOLD>
      <ENROLLABLE>1</ENROLLABLE>
      <ENROLSTARTDATE>0</ENROLSTARTDATE>
      <ENROLENDDATE>0</ENROLENDDATE>
      <ENROLPERIOD>0</ENROLPERIOD>
      <ROLES_OVERRIDES>
      </ROLES_OVERRIDES>
      <ROLES_ASSIGNMENTS>
      </ROLES_ASSIGNMENTS>
    </HEADER>
    <BLOCKS>
      <BLOCK>
        <ID>119</ID>
        <NAME>participants</NAME>
        <PAGEID>16</PAGEID>
        <PAGETYPE>course-view</PAGETYPE>
        <POSITION>l</POSITION>
        <WEIGHT>0</WEIGHT>
        <VISIBLE>1</VISIBLE>
        <CONFIGDATA>Tjs=</CONFIGDATA>
        <ROLES_OVERRIDES>
        </ROLES_OVERRIDES>
        <ROLES_ASSIGNMENTS>
        </ROLES_ASSIGNMENTS>
      </BLOCK>
      <BLOCK>
        <ID>120</ID>
        <NAME>activity_modules</NAME>
        <PAGEID>16</PAGEID>
        <PAGETYPE>course-view</PAGETYPE>
        <POSITION>l</POSITION>
        <WEIGHT>1</WEIGHT>
        <VISIBLE>1</VISIBLE>
        <CONFIGDATA>Tjs=</CONFIGDATA>
        <ROLES_OVERRIDES>
        </ROLES_OVERRIDES>
        <ROLES_ASSIGNMENTS>
        </ROLES_ASSIGNMENTS>
      </BLOCK>
      <BLOCK>
        <ID>121</ID>
        <NAME>search_forums</NAME>
        <PAGEID>16</PAGEID>
        <PAGETYPE>course-view</PAGETYPE>
        <POSITION>l</POSITION>
        <WEIGHT>2</WEIGHT>
        <VISIBLE>1</VISIBLE>
        <CONFIGDATA>Tjs=</CONFIGDATA>
        <ROLES_OVERRIDES>
        </ROLES_OVERRIDES>
        <ROLES_ASSIGNMENTS>
        </ROLES_ASSIGNMENTS>
      </BLOCK>
      <BLOCK>
        <ID>122</ID>
        <NAME>admin</NAME>
        <PAGEID>16</PAGEID>
        <PAGETYPE>course-view</PAGETYPE>
        <POSITION>l</POSITION>
        <WEIGHT>3</WEIGHT>
        <VISIBLE>1</VISIBLE>
        <CONFIGDATA>Tjs=</CONFIGDATA>
        <ROLES_OVERRIDES>
        </ROLES_OVERRIDES>
        <ROLES_ASSIGNMENTS>
        </ROLES_ASSIGNMENTS>
      </BLOCK>
      <BLOCK>
        <ID>123</ID>
        <NAME>course_list</NAME>
        <PAGEID>16</PAGEID>
        <PAGETYPE>course-view</PAGETYPE>
        <POSITION>l</POSITION>
        <WEIGHT>4</WEIGHT>
        <VISIBLE>1</VISIBLE>
        <CONFIGDATA>Tjs=</CONFIGDATA>
        <ROLES_OVERRIDES>
        </ROLES_OVERRIDES>
        <ROLES_ASSIGNMENTS>
        </ROLES_ASSIGNMENTS>
      </BLOCK>
      <BLOCK>
        <ID>124</ID>
        <NAME>news_items</NAME>
        <PAGEID>16</PAGEID>
        <PAGETYPE>course-view</PAGETYPE>
        <POSITION>r</POSITION>
        <WEIGHT>0</WEIGHT>
        <VISIBLE>1</VISIBLE>
        <CONFIGDATA>Tjs=</CONFIGDATA>
        <ROLES_OVERRIDES>
        </ROLES_OVERRIDES>
        <ROLES_ASSIGNMENTS>
        </ROLES_ASSIGNMENTS>
      </BLOCK>
      <BLOCK>
        <ID>125</ID>
        <NAME>calendar_upcoming</NAME>
        <PAGEID>16</PAGEID>
        <PAGETYPE>course-view</PAGETYPE>
        <POSITION>r</POSITION>
        <WEIGHT>1</WEIGHT>
        <VISIBLE>1</VISIBLE>
        <CONFIGDATA>Tjs=</CONFIGDATA>
        <ROLES_OVERRIDES>
        </ROLES_OVERRIDES>
        <ROLES_ASSIGNMENTS>
        </ROLES_ASSIGNMENTS>
      </BLOCK>
      <BLOCK>
        <ID>126</ID>
        <NAME>recent_activity</NAME>
        <PAGEID>16</PAGEID>
        <PAGETYPE>course-view</PAGETYPE>
        <POSITION>r</POSITION>
        <WEIGHT>2</WEIGHT>
        <VISIBLE>1</VISIBLE>
        <CONFIGDATA>Tjs=</CONFIGDATA>
        <ROLES_OVERRIDES>
        </ROLES_OVERRIDES>
        <ROLES_ASSIGNMENTS>
        </ROLES_ASSIGNMENTS>
      </BLOCK>
      <BLOCK>
        <ID>127</ID>
        <NAME>incrementalclient</NAME>
        <PAGEID>16</PAGEID>
        <PAGETYPE>course-view</PAGETYPE>
        <POSITION>r</POSITION>
        <WEIGHT>3</WEIGHT>
        <VISIBLE>1</VISIBLE>
        <CONFIGDATA>Tjs=</CONFIGDATA>
        <ROLES_OVERRIDES>
        </ROLES_OVERRIDES>
        <ROLES_ASSIGNMENTS>
        </ROLES_ASSIGNMENTS>
      </BLOCK>
    </BLOCKS>
    <SECTIONS>
      <SECTION>
        <ID>96</ID>
        <NUMBER>0</NUMBER>
        <SUMMARY>$@NULL@$</SUMMARY>
        <VISIBLE>1</VISIBLE>
        <MODS>
          <MOD>
            <GUID>8f21c28c8aa86ef3190cecdfe3888869da7f6bae</GUID>
            <ID>42</ID>
            <TYPE>forum</TYPE>
            <INSTANCE>11</INSTANCE>
            <ADDED>1216915259</ADDED>
            <SCORE>0</SCORE>
            <INDENT>0</INDENT>
            <VISIBLE>1</VISIBLE>
            <GROUPMODE>0</GROUPMODE>
            <GROUPINGID>0</GROUPINGID>
            <GROUPMEMBERSONLY>0</GROUPMEMBERSONLY>
            <IDNUMBER>$@NULL@$</IDNUMBER>
            <ROLES_OVERRIDES>
            </ROLES_OVERRIDES>
            <ROLES_ASSIGNMENTS>
            </ROLES_ASSIGNMENTS>
          </MOD>
        </MODS>
      </SECTION>
      <SECTION>
        <ID>97</ID>
        <NUMBER>1</NUMBER>
        <SUMMARY></SUMMARY>
        <VISIBLE>1</VISIBLE>
        <MODS>
          <MOD>
            <GUID>b31d345b2340fcc02f88a8c73b6d711226c1a8e3</GUID>
            <ID>43</ID>
            <TYPE>label</TYPE>
            <INSTANCE>16</INSTANCE>
            <ADDED>1216915438</ADDED>
            <SCORE>0</SCORE>
            <INDENT>0</INDENT>
            <VISIBLE>1</VISIBLE>
            <GROUPMODE>0</GROUPMODE>
            <GROUPINGID>0</GROUPINGID>
            <GROUPMEMBERSONLY>0</GROUPMEMBERSONLY>
            <IDNUMBER>$@NULL@$</IDNUMBER>
            <ROLES_OVERRIDES>
            </ROLES_OVERRIDES>
            <ROLES_ASSIGNMENTS>
            </ROLES_ASSIGNMENTS>
          </MOD>
        </MODS>
      </SECTION>
      <SECTION>
        <ID>98</ID>
        <NUMBER>2</NUMBER>
        <SUMMARY></SUMMARY>
        <VISIBLE>1</VISIBLE>
      </SECTION>
      <SECTION>
        <ID>99</ID>
        <NUMBER>3</NUMBER>
        <SUMMARY></SUMMARY>
        <VISIBLE>1</VISIBLE>
      </SECTION>
      <SECTION>
        <ID>100</ID>
        <NUMBER>4</NUMBER>
        <SUMMARY></SUMMARY>
        <VISIBLE>1</VISIBLE>
      </SECTION>
      <SECTION>
        <ID>101</ID>
        <NUMBER>5</NUMBER>
        <SUMMARY></SUMMARY>
        <VISIBLE>1</VISIBLE>
      </SECTION>
      <SECTION>
        <ID>102</ID>
        <NUMBER>6</NUMBER>
        <SUMMARY></SUMMARY>
        <VISIBLE>1</VISIBLE>
      </SECTION>
      <SECTION>
        <ID>103</ID>
        <NUMBER>7</NUMBER>
        <SUMMARY></SUMMARY>
        <VISIBLE>1</VISIBLE>
      </SECTION>
      <SECTION>
        <ID>104</ID>
        <NUMBER>8</NUMBER>
        <SUMMARY></SUMMARY>
        <VISIBLE>1</VISIBLE>
      </SECTION>
      <SECTION>
        <ID>105</ID>
        <NUMBER>9</NUMBER>
        <SUMMARY></SUMMARY>
        <VISIBLE>1</VISIBLE>
      </SECTION>
      <SECTION>
        <ID>106</ID>
        <NUMBER>10</NUMBER>
        <SUMMARY></SUMMARY>
        <VISIBLE>1</VISIBLE>
      </SECTION>
    </SECTIONS>
    <LOGS>
      <LOG>
        <ID>367</ID>
        <TIME>1216915256</TIME>
        <USERID>2</USERID>
        <IP>127.0.0.1</IP>
        <MODULE>course</MODULE>
        <CMID>0</CMID>
        <ACTION>view</ACTION>
        <URL>view.php?id=16</URL>
        <INFO>16</INFO>
      </LOG>
      <LOG>
        <ID>368</ID>
        <TIME>1216915330</TIME>
        <USERID>2</USERID>
        <IP>127.0.0.1</IP>
        <MODULE>course</MODULE>
        <CMID>0</CMID>
        <ACTION>view</ACTION>
        <URL>view.php?id=16</URL>
        <INFO>16</INFO>
      </LOG>
      <LOG>
        <ID>369</ID>
        <TIME>1216915330</TIME>
        <USERID>2</USERID>
        <IP>127.0.0.1</IP>
        <MODULE>course</MODULE>
        <CMID>0</CMID>
        <ACTION>view</ACTION>
        <URL>view.php?id=16</URL>
        <INFO>16</INFO>
      </LOG>
      <LOG>
        <ID>370</ID>
        <TIME>1216915419</TIME>
        <USERID>2</USERID>
        <IP>127.0.0.1</IP>
        <MODULE>course</MODULE>
        <CMID>0</CMID>
        <ACTION>view</ACTION>
        <URL>view.php?id=16</URL>
        <INFO>16</INFO>
      </LOG>
      <LOG>
        <ID>371</ID>
        <TIME>1216915425</TIME>
        <USERID>2</USERID>
        <IP>127.0.0.1</IP>
        <MODULE>course</MODULE>
        <CMID>0</CMID>
        <ACTION>view</ACTION>
        <URL>view.php?id=16</URL>
        <INFO>16</INFO>
      </LOG>
      <LOG>
        <ID>372</ID>
        <TIME>1216915438</TIME>
        <USERID>2</USERID>
        <IP>127.0.0.1</IP>
        <MODULE>course</MODULE>
        <CMID>0</CMID>
        <ACTION>add mod</ACTION>
        <URL>../mod/label/view.php?id=43</URL>
        <INFO>label 16</INFO>
      </LOG>
      <LOG>
        <ID>373</ID>
        <TIME>1216915438</TIME>
        <USERID>2</USERID>
        <IP>127.0.0.1</IP>
        <MODULE>label</MODULE>
        <CMID>43</CMID>
        <ACTION>add</ACTION>
        <URL>view.php?id=43</URL>
        <INFO>16</INFO>
      </LOG>
      <LOG>
        <ID>374</ID>
        <TIME>1216915438</TIME>
        <USERID>2</USERID>
        <IP>127.0.0.1</IP>
        <MODULE>course</MODULE>
        <CMID>0</CMID>
        <ACTION>view</ACTION>
        <URL>view.php?id=16</URL>
        <INFO>16</INFO>
      </LOG>
    </LOGS>
    <GRADEBOOK>
      <GRADE_CATEGORIES>
        <GRADE_CATEGORY>
          <ID>14</ID>
          <PARENT>$@NULL@$</PARENT>
          <FULLNAME>?</FULLNAME>
          <AGGREGATION>11</AGGREGATION>
          <KEEPHIGH>0</KEEPHIGH>
          <DROPLOW>0</DROPLOW>
          <AGGREGATEONLYGRADED>1</AGGREGATEONLYGRADED>
          <AGGREGATEOUTCOMES>0</AGGREGATEOUTCOMES>
          <AGGREGATESUBCATS>0</AGGREGATESUBCATS>
          <TIMECREATED>1216915294</TIMECREATED>
          <TIMEMODIFIED>1216915294</TIMEMODIFIED>
        </GRADE_CATEGORY>
      </GRADE_CATEGORIES>
      <GRADE_ITEMS>
        <GRADE_ITEM>
          <ID>16</ID>
          <CATEGORYID>$@NULL@$</CATEGORYID>
          <ITEMNAME>$@NULL@$</ITEMNAME>
          <ITEMTYPE>course</ITEMTYPE>
          <ITEMMODULE>$@NULL@$</ITEMMODULE>
          <ITEMINSTANCE>14</ITEMINSTANCE>
          <ITEMNUMBER>$@NULL@$</ITEMNUMBER>
          <ITEMINFO>$@NULL@$</ITEMINFO>
          <IDNUMBER>$@NULL@$</IDNUMBER>
          <CALCULATION>$@NULL@$</CALCULATION>
          <GRADETYPE>1</GRADETYPE>
          <GRADEMAX>100.00000</GRADEMAX>
          <GRADEMIN>0.00000</GRADEMIN>
          <SCALEID>$@NULL@$</SCALEID>
          <OUTCOMEID>$@NULL@$</OUTCOMEID>
          <GRADEPASS>0.00000</GRADEPASS>
          <MULTFACTOR>1.00000</MULTFACTOR>
          <PLUSFACTOR>0.00000</PLUSFACTOR>
          <AGGREGATIONCOEF>0.00000</AGGREGATIONCOEF>
          <DISPLAY>0</DISPLAY>
          <DECIMALS>$@NULL@$</DECIMALS>
          <HIDDEN>0</HIDDEN>
          <LOCKED>0</LOCKED>
          <LOCKTIME>0</LOCKTIME>
          <NEEDSUPDATE>0</NEEDSUPDATE>
          <TIMECREATED>1216915294</TIMECREATED>
          <TIMEMODIFIED>1216915294</TIMEMODIFIED>
        </GRADE_ITEM>
      </GRADE_ITEMS>
    </GRADEBOOK>
    <MODULES>
      <MOD>
        <GUID>8f21c28c8aa86ef3190cecdfe3888869da7f6bae</GUID>
        <ID>11</ID>
        <MODTYPE>forum</MODTYPE>
        <TYPE>news</TYPE>
        <NAME>News forum</NAME>
        <INTRO>General news and announcements</INTRO>
        <ASSESSED>0</ASSESSED>
        <ASSESSTIMESTART>0</ASSESSTIMESTART>
        <ASSESSTIMEFINISH>0</ASSESSTIMEFINISH>
        <MAXBYTES>0</MAXBYTES>
        <SCALE>0</SCALE>
        <FORCESUBSCRIBE>1</FORCESUBSCRIBE>
        <TRACKINGTYPE>1</TRACKINGTYPE>
        <RSSTYPE>0</RSSTYPE>
        <RSSARTICLES>0</RSSARTICLES>
        <TIMEMODIFIED>1216915259</TIMEMODIFIED>
        <WARNAFTER>0</WARNAFTER>
        <BLOCKAFTER>0</BLOCKAFTER>
        <BLOCKPERIOD>0</BLOCKPERIOD>
      </MOD>
      <MOD>
        <ID>16</ID>
        <MODTYPE>label</MODTYPE>
        <NAME>SRV 20080724 17:00

   Switch role to... Teacher...</NAME>
        <CONTENT>SRV 20080724 17:00
&lt;div class=&quot;navbutton&quot;&gt;&lt;form class=&quot;popupform&quot; id=&quot;switchrole&quot; method=&quot;get&quot; action=&quot;http://localhost/moodle-server/course/jumpto.php&quot;&gt;
  &lt;div&gt;&lt;span class=&quot;helplink&quot;&gt;&lt;a onclick=&quot;function onclick(event) { this.target = &quot;popup&quot;; return openpopup(&quot;/help.php?module=moodle&amp;file=switchrole.html&amp;forcelang=&quot;, &quot;popup&quot;, &quot;menubar=0,location=0,scrollbars,resizable,width=500,height=400&quot;, 0); }&quot; href=&quot;../help.php?module=moodle&amp;file=switchrole.html&amp;forcelang=&quot; title=&quot;Help with Switch role to (new window)&quot;&gt;&lt;img src=&quot;../pix/help.gif&quot; alt=&quot;Help with Switch role to (new window)&quot; class=&quot;iconhelp&quot; /&gt;&lt;/a&gt;&lt;/span&gt;&lt;select onchange=&quot;function onchange(event) { self.location = document.getElementById(&quot;switchrole&quot;).jump.options[document.getElementById(&quot;switchrole&quot;).jump.selectedIndex].value; }&quot; name=&quot;jump&quot; id=&quot;switchrole_jump&quot;&gt; &lt;option value=&quot;javascript:void(0)&quot;&gt;Switch role to...&lt;/option&gt; &lt;option value=&quot;http://localhost/moodle-server/course/view.php?id=16&amp;sesskey=Gn1F8eqqZb&amp;switchrole=3&quot;&gt;Teacher&lt;/option&gt; &lt;option value=&quot;http://localhost/moodle-server/course/view.php?id=16&amp;sesskey=Gn1F8eqqZb&amp;switchrole=4&quot;&gt;Non-editing teacher&lt;/option&gt; &lt;option value=&quot;http://localhost/moodle-server/course/view.php?id=16&amp;sesskey=Gn1F8eqqZb&amp;switchrole=5&quot;&gt;Student&lt;/option&gt; &lt;/select&gt;&lt;input type=&quot;hidden&quot; value=&quot;Gn1F8eqqZb&quot; name=&quot;sesskey&quot; /&gt;
    &lt;div style=&quot;display: none;&quot; id=&quot;noscriptswitchrole&quot;&gt;&lt;input type=&quot;submit&quot; value=&quot;Go&quot; /&gt;&lt;/div&gt;
    &lt;script type=&quot;text/javascript&quot;&gt; //&amp;lt;![CDATA[ document.getElementById(&amp;quot;noscriptswitchrole&amp;quot;).style.display = &amp;quot;none&amp;quot;; //]]&amp;gt; &lt;/script&gt;&lt;/div&gt;&lt;/form&gt;&lt;form action=&quot;http://localhost/moodle-server/course/view.php&quot; method=&quot;get&quot;&gt;
  &lt;div&gt;&lt;input type=&quot;hidden&quot; value=&quot;16&quot; name=&quot;id&quot; /&gt;&lt;input type=&quot;hidden&quot; value=&quot;1&quot; name=&quot;edit&quot; /&gt;&lt;input type=&quot;hidden&quot; value=&quot;Gn1F8eqqZb&quot; name=&quot;sesskey&quot; /&gt;&lt;input type=&quot;submit&quot; value=&quot;Turn editing on&quot; /&gt;&lt;/div&gt;&lt;/form&gt;&lt;/div&gt; </CONTENT>
        <TIMEMODIFIED>1216915437</TIMEMODIFIED>
      </MOD>
    </MODULES>
    <FORMATDATA>
    </FORMATDATA>
  </COURSE>
</MOODLE_BACKUP>
