<?xml version="1.0" encoding="UTF-8"?>
<MOODLE_BACKUP>
  <INFO>
    <MOODLE_VERSION>2007101520</MOODLE_VERSION>
    <MOODLE_RELEASE>1.9.2+ (Build: 20080718)</MOODLE_RELEASE>
    <BACKUP_VERSION>2008041100</BACKUP_VERSION>
    <BACKUP_RELEASE>1.9</BACKUP_RELEASE>
    <ORIGINAL_WWWROOT>http://localhost/moodle-server</ORIGINAL_WWWROOT>
    <ZIP_METHOD>internal</ZIP_METHOD>
    <DETAILS>
      <MOD>
        <NAME>forum</NAME>
        <INCLUDED>true</INCLUDED>
        <USERINFO>true</USERINFO>
        <INSTANCES>
          <INSTANCE>
          <ID>8</ID>
          <NAME>News forum</NAME>
          <INCLUDED>true</INCLUDED>
          <USERINFO>true</USERINFO>
          </INSTANCE>
        </INSTANCES>
      </MOD>
      <METACOURSE>true</METACOURSE>
      <USERS>course</USERS>
      <LOGS>true</LOGS>
      <USERFILES>true</USERFILES>
      <COURSEFILES>true</COURSEFILES>
      <SITEFILES>false</SITEFILES>
      <GRADEBOOKHISTORIES>false</GRADEBOOKHISTORIES>
      <MESSAGES>false</MESSAGES>
      <BLOGS>false</BLOGS>
      <BLOCKFORMAT>instances</BLOCKFORMAT>
    </DETAILS>
  </INFO>
  <ROLES>
  </ROLES>
  <COURSE>
    <HEADER>
      <ID>14</ID>
      <CATEGORY>
        <ID>1</ID>
        <NAME>Miscellaneous</NAME>
      </CATEGORY>
      <PASSWORD></PASSWORD>
      <FULLNAME>SRV 20080724 15:52</FULLNAME>
      <SHORTNAME>SRV 20080724 15:52</SHORTNAME>
      <IDNUMBER></IDNUMBER>
      <SUMMARY>test course SRV 20080724 15:52</SUMMARY>
      <FORMAT>weeks</FORMAT>
      <SHOWGRADES>1</SHOWGRADES>
      <NEWSITEMS>5</NEWSITEMS>
      <TEACHER>Teacher</TEACHER>
      <TEACHERS>Teachers</TEACHERS>
      <STUDENT>Student</STUDENT>
      <STUDENTS>Students</STUDENTS>
      <GUEST>0</GUEST>
      <STARTDATE>1216854000</STARTDATE>
      <NUMSECTIONS>10</NUMSECTIONS>
      <MAXBYTES>16777216</MAXBYTES>
      <SHOWREPORTS>0</SHOWREPORTS>
      <GROUPMODE>0</GROUPMODE>
      <GROUPMODEFORCE>0</GROUPMODEFORCE>
      <DEFAULTGROUPINGID>0</DEFAULTGROUPINGID>
      <LANG></LANG>
      <THEME></THEME>
      <COST></COST>
      <CURRENCY>USD</CURRENCY>
      <MARKER>0</MARKER>
      <VISIBLE>1</VISIBLE>
      <HIDDENSECTIONS>0</HIDDENSECTIONS>
      <TIMECREATED>1216911173</TIMECREATED>
      <TIMEMODIFIED>1216911173</TIMEMODIFIED>
      <METACOURSE>0</METACOURSE>
      <EXPIRENOTIFY>0</EXPIRENOTIFY>
      <NOTIFYSTUDENTS>0</NOTIFYSTUDENTS>
      <EXPIRYTHRESHOLD>864000</EXPIRYTHRESHOLD>
      <ENROLLABLE>1</ENROLLABLE>
      <ENROLSTARTDATE>0</ENROLSTARTDATE>
      <ENROLENDDATE>0</ENROLENDDATE>
      <ENROLPERIOD>0</ENROLPERIOD>
      <ROLES_OVERRIDES>
      </ROLES_OVERRIDES>
      <ROLES_ASSIGNMENTS>
      </ROLES_ASSIGNMENTS>
    </HEADER>
    <BLOCKS>
      <BLOCK>
        <ID>103</ID>
        <NAME>participants</NAME>
        <PAGEID>14</PAGEID>
        <PAGETYPE>course-view</PAGETYPE>
        <POSITION>l</POSITION>
        <WEIGHT>0</WEIGHT>
        <VISIBLE>1</VISIBLE>
        <CONFIGDATA>Tjs=</CONFIGDATA>
        <ROLES_OVERRIDES>
        </ROLES_OVERRIDES>
        <ROLES_ASSIGNMENTS>
        </ROLES_ASSIGNMENTS>
      </BLOCK>
      <BLOCK>
        <ID>104</ID>
        <NAME>activity_modules</NAME>
        <PAGEID>14</PAGEID>
        <PAGETYPE>course-view</PAGETYPE>
        <POSITION>l</POSITION>
        <WEIGHT>1</WEIGHT>
        <VISIBLE>1</VISIBLE>
        <CONFIGDATA>Tjs=</CONFIGDATA>
        <ROLES_OVERRIDES>
        </ROLES_OVERRIDES>
        <ROLES_ASSIGNMENTS>
        </ROLES_ASSIGNMENTS>
      </BLOCK>
      <BLOCK>
        <ID>105</ID>
        <NAME>search_forums</NAME>
        <PAGEID>14</PAGEID>
        <PAGETYPE>course-view</PAGETYPE>
        <POSITION>l</POSITION>
        <WEIGHT>2</WEIGHT>
        <VISIBLE>1</VISIBLE>
        <CONFIGDATA>Tjs=</CONFIGDATA>
        <ROLES_OVERRIDES>
        </ROLES_OVERRIDES>
        <ROLES_ASSIGNMENTS>
        </ROLES_ASSIGNMENTS>
      </BLOCK>
      <BLOCK>
        <ID>106</ID>
        <NAME>admin</NAME>
        <PAGEID>14</PAGEID>
        <PAGETYPE>course-view</PAGETYPE>
        <POSITION>l</POSITION>
        <WEIGHT>3</WEIGHT>
        <VISIBLE>1</VISIBLE>
        <CONFIGDATA>Tjs=</CONFIGDATA>
        <ROLES_OVERRIDES>
        </ROLES_OVERRIDES>
        <ROLES_ASSIGNMENTS>
        </ROLES_ASSIGNMENTS>
      </BLOCK>
      <BLOCK>
        <ID>107</ID>
        <NAME>course_list</NAME>
        <PAGEID>14</PAGEID>
        <PAGETYPE>course-view</PAGETYPE>
        <POSITION>l</POSITION>
        <WEIGHT>4</WEIGHT>
        <VISIBLE>1</VISIBLE>
        <CONFIGDATA>Tjs=</CONFIGDATA>
        <ROLES_OVERRIDES>
        </ROLES_OVERRIDES>
        <ROLES_ASSIGNMENTS>
        </ROLES_ASSIGNMENTS>
      </BLOCK>
      <BLOCK>
        <ID>108</ID>
        <NAME>news_items</NAME>
        <PAGEID>14</PAGEID>
        <PAGETYPE>course-view</PAGETYPE>
        <POSITION>r</POSITION>
        <WEIGHT>0</WEIGHT>
        <VISIBLE>1</VISIBLE>
        <CONFIGDATA>Tjs=</CONFIGDATA>
        <ROLES_OVERRIDES>
        </ROLES_OVERRIDES>
        <ROLES_ASSIGNMENTS>
        </ROLES_ASSIGNMENTS>
      </BLOCK>
      <BLOCK>
        <ID>109</ID>
        <NAME>calendar_upcoming</NAME>
        <PAGEID>14</PAGEID>
        <PAGETYPE>course-view</PAGETYPE>
        <POSITION>r</POSITION>
        <WEIGHT>1</WEIGHT>
        <VISIBLE>1</VISIBLE>
        <CONFIGDATA>Tjs=</CONFIGDATA>
        <ROLES_OVERRIDES>
        </ROLES_OVERRIDES>
        <ROLES_ASSIGNMENTS>
        </ROLES_ASSIGNMENTS>
      </BLOCK>
      <BLOCK>
        <ID>110</ID>
        <NAME>recent_activity</NAME>
        <PAGEID>14</PAGEID>
        <PAGETYPE>course-view</PAGETYPE>
        <POSITION>r</POSITION>
        <WEIGHT>2</WEIGHT>
        <VISIBLE>1</VISIBLE>
        <CONFIGDATA>Tjs=</CONFIGDATA>
        <ROLES_OVERRIDES>
        </ROLES_OVERRIDES>
        <ROLES_ASSIGNMENTS>
        </ROLES_ASSIGNMENTS>
      </BLOCK>
    </BLOCKS>
    <SECTIONS>
      <SECTION>
        <ID>74</ID>
        <NUMBER>0</NUMBER>
        <SUMMARY>$@NULL@$</SUMMARY>
        <VISIBLE>1</VISIBLE>
        <MODS>
          <MOD>
            <GUID>6b945fd12d69c9edc354b531507faa0c4d5cfd8b</GUID>
            <ID>38</ID>
            <TYPE>forum</TYPE>
            <INSTANCE>8</INSTANCE>
            <ADDED>1216911248</ADDED>
            <SCORE>0</SCORE>
            <INDENT>0</INDENT>
            <VISIBLE>1</VISIBLE>
            <GROUPMODE>0</GROUPMODE>
            <GROUPINGID>0</GROUPINGID>
            <GROUPMEMBERSONLY>0</GROUPMEMBERSONLY>
            <IDNUMBER>$@NULL@$</IDNUMBER>
            <ROLES_OVERRIDES>
            </ROLES_OVERRIDES>
            <ROLES_ASSIGNMENTS>
            </ROLES_ASSIGNMENTS>
          </MOD>
        </MODS>
      </SECTION>
      <SECTION>
        <ID>75</ID>
        <NUMBER>1</NUMBER>
        <SUMMARY></SUMMARY>
        <VISIBLE>1</VISIBLE>
      </SECTION>
      <SECTION>
        <ID>76</ID>
        <NUMBER>2</NUMBER>
        <SUMMARY></SUMMARY>
        <VISIBLE>1</VISIBLE>
      </SECTION>
      <SECTION>
        <ID>77</ID>
        <NUMBER>3</NUMBER>
        <SUMMARY></SUMMARY>
        <VISIBLE>1</VISIBLE>
      </SECTION>
      <SECTION>
        <ID>78</ID>
        <NUMBER>4</NUMBER>
        <SUMMARY></SUMMARY>
        <VISIBLE>1</VISIBLE>
      </SECTION>
      <SECTION>
        <ID>79</ID>
        <NUMBER>5</NUMBER>
        <SUMMARY></SUMMARY>
        <VISIBLE>1</VISIBLE>
      </SECTION>
      <SECTION>
        <ID>80</ID>
        <NUMBER>6</NUMBER>
        <SUMMARY></SUMMARY>
        <VISIBLE>1</VISIBLE>
      </SECTION>
      <SECTION>
        <ID>81</ID>
        <NUMBER>7</NUMBER>
        <SUMMARY></SUMMARY>
        <VISIBLE>1</VISIBLE>
      </SECTION>
      <SECTION>
        <ID>82</ID>
        <NUMBER>8</NUMBER>
        <SUMMARY></SUMMARY>
        <VISIBLE>1</VISIBLE>
      </SECTION>
      <SECTION>
        <ID>83</ID>
        <NUMBER>9</NUMBER>
        <SUMMARY></SUMMARY>
        <VISIBLE>1</VISIBLE>
      </SECTION>
      <SECTION>
        <ID>84</ID>
        <NUMBER>10</NUMBER>
        <SUMMARY></SUMMARY>
        <VISIBLE>1</VISIBLE>
      </SECTION>
    </SECTIONS>
    <LOGS>
      <LOG>
        <ID>349</ID>
        <TIME>1216911247</TIME>
        <USERID>2</USERID>
        <IP>127.0.0.1</IP>
        <MODULE>course</MODULE>
        <CMID>0</CMID>
        <ACTION>view</ACTION>
        <URL>view.php?id=14</URL>
        <INFO>14</INFO>
      </LOG>
      <LOG>
        <ID>350</ID>
        <TIME>1216911767</TIME>
        <USERID>2</USERID>
        <IP>127.0.0.1</IP>
        <MODULE>course</MODULE>
        <CMID>0</CMID>
        <ACTION>view</ACTION>
        <URL>view.php?id=14</URL>
        <INFO>14</INFO>
      </LOG>
      <LOG>
        <ID>352</ID>
        <TIME>1216911797</TIME>
        <USERID>2</USERID>
        <IP>127.0.0.1</IP>
        <MODULE>course</MODULE>
        <CMID>0</CMID>
        <ACTION>view</ACTION>
        <URL>view.php?id=14</URL>
        <INFO>14</INFO>
      </LOG>
    </LOGS>
    <GRADEBOOK>
      <GRADE_CATEGORIES>
        <GRADE_CATEGORY>
          <ID>13</ID>
          <PARENT>$@NULL@$</PARENT>
          <FULLNAME>?</FULLNAME>
          <AGGREGATION>11</AGGREGATION>
          <KEEPHIGH>0</KEEPHIGH>
          <DROPLOW>0</DROPLOW>
          <AGGREGATEONLYGRADED>1</AGGREGATEONLYGRADED>
          <AGGREGATEOUTCOMES>0</AGGREGATEOUTCOMES>
          <AGGREGATESUBCATS>0</AGGREGATESUBCATS>
          <TIMECREATED>1216911813</TIMECREATED>
          <TIMEMODIFIED>1216911813</TIMEMODIFIED>
        </GRADE_CATEGORY>
      </GRADE_CATEGORIES>
      <GRADE_ITEMS>
        <GRADE_ITEM>
          <ID>15</ID>
          <CATEGORYID>$@NULL@$</CATEGORYID>
          <ITEMNAME>$@NULL@$</ITEMNAME>
          <ITEMTYPE>course</ITEMTYPE>
          <ITEMMODULE>$@NULL@$</ITEMMODULE>
          <ITEMINSTANCE>13</ITEMINSTANCE>
          <ITEMNUMBER>$@NULL@$</ITEMNUMBER>
          <ITEMINFO>$@NULL@$</ITEMINFO>
          <IDNUMBER>$@NULL@$</IDNUMBER>
          <CALCULATION>$@NULL@$</CALCULATION>
          <GRADETYPE>1</GRADETYPE>
          <GRADEMAX>100.00000</GRADEMAX>
          <GRADEMIN>0.00000</GRADEMIN>
          <SCALEID>$@NULL@$</SCALEID>
          <OUTCOMEID>$@NULL@$</OUTCOMEID>
          <GRADEPASS>0.00000</GRADEPASS>
          <MULTFACTOR>1.00000</MULTFACTOR>
          <PLUSFACTOR>0.00000</PLUSFACTOR>
          <AGGREGATIONCOEF>0.00000</AGGREGATIONCOEF>
          <DISPLAY>0</DISPLAY>
          <DECIMALS>$@NULL@$</DECIMALS>
          <HIDDEN>0</HIDDEN>
          <LOCKED>0</LOCKED>
          <LOCKTIME>0</LOCKTIME>
          <NEEDSUPDATE>0</NEEDSUPDATE>
          <TIMECREATED>1216911813</TIMECREATED>
          <TIMEMODIFIED>1216911813</TIMEMODIFIED>
        </GRADE_ITEM>
      </GRADE_ITEMS>
    </GRADEBOOK>
    <MODULES>
      <MOD>
        <GUID>6b945fd12d69c9edc354b531507faa0c4d5cfd8b</GUID>
        <ID>8</ID>
        <MODTYPE>forum</MODTYPE>
        <TYPE>news</TYPE>
        <NAME>News forum</NAME>
        <INTRO>General news and announcements</INTRO>
        <ASSESSED>0</ASSESSED>
        <ASSESSTIMESTART>0</ASSESSTIMESTART>
        <ASSESSTIMEFINISH>0</ASSESSTIMEFINISH>
        <MAXBYTES>0</MAXBYTES>
        <SCALE>0</SCALE>
        <FORCESUBSCRIBE>1</FORCESUBSCRIBE>
        <TRACKINGTYPE>1</TRACKINGTYPE>
        <RSSTYPE>0</RSSTYPE>
        <RSSARTICLES>0</RSSARTICLES>
        <TIMEMODIFIED>1216911248</TIMEMODIFIED>
        <WARNAFTER>0</WARNAFTER>
        <BLOCKAFTER>0</BLOCKAFTER>
        <BLOCKPERIOD>0</BLOCKPERIOD>
      </MOD>
    </MODULES>
    <FORMATDATA>
    </FORMATDATA>
  </COURSE>
</MOODLE_BACKUP>
